--ALTER SESSION SET "_ORACLE_SCRIPT" = TRUE;
ALTER SESSION SET NLS_DATE_FORMAT = 'DD/MM/YYYY';
SET SERVEROUTPUT ON;
SET SQLBLANKLINES ON;
SET DEFINE OFF;
ALTER SESSION SET NLS_DATE_FORMAT = 'MM/DD/SYYYY HH24:MI:SS';
ALTER SESSION SET NLS_TIMESTAMP_TZ_FORMAT = 'MM/DD/SYYYY HH24:MI:SS.FF TZH:TZM';
ALTER SESSION SET NLS_TIMESTAMP_FORMAT = 'MM/DD/SYYYY HH24:MI:SS.FF';
ALTER SESSION SET NLS_NUMERIC_CHARACTERS = '.,';
ALTER SESSION SET NLS_NCHAR_CONV_EXCP = FALSE;
ALTER SESSION SET TIME_ZONE = '+07:00';
--
-- Delete data from the table 'NHANVIEN'
--
/
DECLARE 
    count_ NUMBER := 0;
BEGIN
    SELECT COUNT(*) INTO count_
    FROM ALL_TRIGGERS
    WHERE LOWER(TRIGGER_NAME) = 'encrypt_luong_phucap_trigger' AND TABLE_NAME = 'NHANVIEN';
    
    IF count_ > 0 THEN
        EXECUTE IMMEDIATE 'ALTER TRIGGER ENCRYPT_LUONG_PHUCAP_TRIGGER DISABLE';
    END IF;
END;

/

UPDATE PHONGBAN SET TRPHG = NULL;
UPDATE DEAN SET PHONG = NULL;
UPDATE NHANVIEN SET PHG = NULL;
DELETE FROM PHANCONG;
DELETE FROM PHONGBAN;
DELETE FROM NHANVIEN;
DELETE FROM DEAN;
DELETE FROM DANGNHAP;



DROP ROLE BGD;
DROP ROLE QL;
DROP ROLE TC;
DROP ROLE NS;
DROP ROLE TDA;
DROP ROLE TP;
DROP ROLE NV;


--
-- Inserting data into table NHANVIEN
--
INSERT INTO NHANVIEN(MANV, TENNV, PHAI, NGAYSINH, DIACHI, SDT, LUONG, PHUCAP) VALUES
('NV000', N'Vanita Edmonds', 1, '03/07/1958 00:00:00', N'Sudlersville', '0580787909', '11412001', '1605732');
INSERT INTO NHANVIEN(MANV, TENNV, PHAI, NGAYSINH, DIACHI, SDT, LUONG, PHUCAP) VALUES
('NV001', N'Kennith Carswell', 1, '07/02/1975 00:00:00', N'Wheat Ridge', '0022522451', '12053694', '835040');
INSERT INTO NHANVIEN(MANV, TENNV, PHAI, NGAYSINH, DIACHI, SDT, LUONG, PHUCAP) VALUES
('NV002', N'Cary Benitez', 0, '01/15/1966 00:00:00', N'Butlerville', '0059547291', '17179759', '983179');
INSERT INTO NHANVIEN(MANV, TENNV, PHAI, NGAYSINH, DIACHI, SDT, LUONG, PHUCAP) VALUES
('NV003', N'Kathyrn Beatty', 1, '11/22/1980 00:00:00', N'Magee', '0070767940', '18646208', '1783083');
INSERT INTO NHANVIEN(MANV, TENNV, PHAI, NGAYSINH, DIACHI, SDT, LUONG, PHUCAP) VALUES
('NV004', N'Erasmo Joe', 0, '11/08/1969 00:00:00', N'East Palestine', '0799409825', '10891044', '1999999');
INSERT INTO NHANVIEN(MANV, TENNV, PHAI, NGAYSINH, DIACHI, SDT, LUONG, PHUCAP) VALUES
('NV005', N'Rodrick Paulsen', 0, '02/22/1979 00:00:00', N'Alvarado', '0165069258', '15277908', '936274');
INSERT INTO NHANVIEN(MANV, TENNV, PHAI, NGAYSINH, DIACHI, SDT, LUONG, PHUCAP) VALUES
('NV006', N'Marco Horn', 0, '05/05/1983 00:00:00', N'Iowa Park', '0430372933', '17258798', '711747');
INSERT INTO NHANVIEN(MANV, TENNV, PHAI, NGAYSINH, DIACHI, SDT, LUONG, PHUCAP) VALUES
('NV007', N'Tanner Butler', 1, '09/13/1970 00:00:00', N'Butner', '0143734662', '9184481', '1562325');
INSERT INTO NHANVIEN(MANV, TENNV, PHAI, NGAYSINH, DIACHI, SDT, LUONG, PHUCAP) VALUES
('NV008', N'Carline Mccall', 0, '05/18/1962 00:00:00', N'Zuni', '0787706837', '19999999', '1788165');
INSERT INTO NHANVIEN(MANV, TENNV, PHAI, NGAYSINH, DIACHI, SDT, LUONG, PHUCAP) VALUES
('NV009', N'Cora Pacheco', 0, '08/25/1988 00:00:00', N'Oneida', '0067034699', '19190268', '1999999');
INSERT INTO NHANVIEN(MANV, TENNV, PHAI, NGAYSINH, DIACHI, SDT, LUONG, PHUCAP) VALUES
('NV010', N'Cleotilde Gorman', 1, '01/07/1953 00:00:00', N'Suffern', '0102527476', '19999999', '1970877');
INSERT INTO NHANVIEN(MANV, TENNV, PHAI, NGAYSINH, DIACHI, SDT, LUONG, PHUCAP) VALUES
('NV011', N'Gus Sawyer', 0, '07/21/2000 00:00:00', N'Alvin', '0586495832', '13926443', '500000');
INSERT INTO NHANVIEN(MANV, TENNV, PHAI, NGAYSINH, DIACHI, SDT, LUONG, PHUCAP) VALUES
('NV012', N'Alfonzo Bohn', 0, '05/09/1982 00:00:00', N'Wheatfield', '0511003845', '17369188', '500000');
INSERT INTO NHANVIEN(MANV, TENNV, PHAI, NGAYSINH, DIACHI, SDT, LUONG, PHUCAP) VALUES
('NV013', N'Addie Tyner', 1, '09/08/1953 00:00:00', N'Butte', '0081226513', '11605877', '856203');
INSERT INTO NHANVIEN(MANV, TENNV, PHAI, NGAYSINH, DIACHI, SDT, LUONG, PHUCAP) VALUES
('NV014', N'Christian Abernathy', 0, '08/11/1981 00:00:00', N'Gravette', '0967501035', '15750610', '1305936');
INSERT INTO NHANVIEN(MANV, TENNV, PHAI, NGAYSINH, DIACHI, SDT, LUONG, PHUCAP) VALUES
('NV015', N'Tory Olson', 1, '12/30/1987 00:00:00', N'Suffield', '0644531868', '16072756', '1284967');
INSERT INTO NHANVIEN(MANV, TENNV, PHAI, NGAYSINH, DIACHI, SDT, LUONG, PHUCAP) VALUES
('NV016', N'Amiee Pond', 1, '05/26/1964 00:00:00', N'Maggie Valley', '0459587490', '7238408', '1049453');
INSERT INTO NHANVIEN(MANV, TENNV, PHAI, NGAYSINH, DIACHI, SDT, LUONG, PHUCAP) VALUES
('NV017', N'Glynis Battle', 0, '12/11/1962 00:00:00', N'River Rouge', '0766408150', '11959632', '1215909');
INSERT INTO NHANVIEN(MANV, TENNV, PHAI, NGAYSINH, DIACHI, SDT, LUONG, PHUCAP) VALUES
('NV018', N'Joeann Garcia', 1, '11/08/1956 00:00:00', N'Oneill', '0709504234', '17672856', '1845247');
INSERT INTO NHANVIEN(MANV, TENNV, PHAI, NGAYSINH, DIACHI, SDT, LUONG, PHUCAP) VALUES
('NV019', N'Jeffry Pease', 1, '04/16/1985 00:00:00', N'Riverbank', '0084074512', '10608039', '2000000');
INSERT INTO NHANVIEN(MANV, TENNV, PHAI, NGAYSINH, DIACHI, SDT, LUONG, PHUCAP) VALUES
('NV020', N'Nerissa Word', 0, '01/17/1982 00:00:00', N'Ipswich', '0043456959', '7604229', '1323430');
INSERT INTO NHANVIEN(MANV, TENNV, PHAI, NGAYSINH, DIACHI, SDT, LUONG, PHUCAP) VALUES
('NV021', N'Freeda Brinkley', 1, '09/19/1971 00:00:00', N'East Peoria', '0385326373', '7000000', '555316');
INSERT INTO NHANVIEN(MANV, TENNV, PHAI, NGAYSINH, DIACHI, SDT, LUONG, PHUCAP) VALUES
('NV022', N'Stevie Durham', 0, '02/27/1999 00:00:00', N'Wheatland', '0002562140', '15916292', '1005102');
INSERT INTO NHANVIEN(MANV, TENNV, PHAI, NGAYSINH, DIACHI, SDT, LUONG, PHUCAP) VALUES
('NV023', N'Joshua Villasenor', 0, '05/18/1955 00:00:00', N'Suffolk', '0581925030', '9283801', '1350342');
INSERT INTO NHANVIEN(MANV, TENNV, PHAI, NGAYSINH, DIACHI, SDT, LUONG, PHUCAP) VALUES
('NV024', N'Federico Lujan', 1, '01/07/1953 00:00:00', N'Alviso', '0871721454', '11114296', '1750487');
INSERT INTO NHANVIEN(MANV, TENNV, PHAI, NGAYSINH, DIACHI, SDT, LUONG, PHUCAP) VALUES
('NV025', N'Emmett Musgrove', 0, '01/22/1971 00:00:00', N'Magna', '0070827536', '19566604', '1684966');
INSERT INTO NHANVIEN(MANV, TENNV, PHAI, NGAYSINH, DIACHI, SDT, LUONG, PHUCAP) VALUES
('NV026', N'Akiko Lester', 0, '04/06/1965 00:00:00', N'Oneonta', '0139974984', '11886728', '930631');
INSERT INTO NHANVIEN(MANV, TENNV, PHAI, NGAYSINH, DIACHI, SDT, LUONG, PHUCAP) VALUES
('NV027', N'Cassi Atkinson', 0, '06/12/1962 00:00:00', N'Wheaton', '0241844969', '18753299', '1559657');
INSERT INTO NHANVIEN(MANV, TENNV, PHAI, NGAYSINH, DIACHI, SDT, LUONG, PHUCAP) VALUES
('NV028', N'Kevin Kim', 0, '05/29/1981 00:00:00', N'Suffolk County', '0594054433', '19086351', '500000');
INSERT INTO NHANVIEN(MANV, TENNV, PHAI, NGAYSINH, DIACHI, SDT, LUONG, PHUCAP) VALUES
('NV029', N'Bennie Broussard', 0, '01/12/1953 00:00:00', N'Wheeler', '0947645651', '15989470', '1373939');
INSERT INTO NHANVIEN(MANV, TENNV, PHAI, NGAYSINH, DIACHI, SDT, LUONG, PHUCAP) VALUES
('NV030', N'Tess Townsend', 0, '07/30/1988 00:00:00', N'Riverdale', '0078677745', '11568987', '762498');
INSERT INTO NHANVIEN(MANV, TENNV, PHAI, NGAYSINH, DIACHI, SDT, LUONG, PHUCAP) VALUES
('NV031', N'Carl Switzer', 0, '10/02/1974 00:00:00', N'Irene', '0615858074', '7600396', '1621948');
INSERT INTO NHANVIEN(MANV, TENNV, PHAI, NGAYSINH, DIACHI, SDT, LUONG, PHUCAP) VALUES
('NV032', N'Alysa Harrell', 1, '01/14/2001 00:00:00', N'Onida', '0810209234', '8701588', '601805');
INSERT INTO NHANVIEN(MANV, TENNV, PHAI, NGAYSINH, DIACHI, SDT, LUONG, PHUCAP) VALUES
('NV033', N'Olga Haag', 1, '07/27/1976 00:00:00', N'Magnolia', '0586829356', '7000000', '1800606');
INSERT INTO NHANVIEN(MANV, TENNV, PHAI, NGAYSINH, DIACHI, SDT, LUONG, PHUCAP) VALUES
('NV034', N'Dia Casteel', 0, '06/18/1995 00:00:00', N'Irmo', '0404699251', '12494824', '902175');
INSERT INTO NHANVIEN(MANV, TENNV, PHAI, NGAYSINH, DIACHI, SDT, LUONG, PHUCAP) VALUES
('NV035', N'Adam Thames', 1, '06/16/1955 00:00:00', N'Butte City', '0617381703', '7064691', '1113546');
INSERT INTO NHANVIEN(MANV, TENNV, PHAI, NGAYSINH, DIACHI, SDT, LUONG, PHUCAP) VALUES
('NV036', N'Bridgette Conley', 1, '09/22/1954 00:00:00', N'Sugar City', '0508841186', '10072019', '1150711');
INSERT INTO NHANVIEN(MANV, TENNV, PHAI, NGAYSINH, DIACHI, SDT, LUONG, PHUCAP) VALUES
('NV037', N'Rodger Crawford', 0, '03/26/1985 00:00:00', N'Riverhead', '0305753812', '20000000', '1005465');
INSERT INTO NHANVIEN(MANV, TENNV, PHAI, NGAYSINH, DIACHI, SDT, LUONG, PHUCAP) VALUES
('NV038', N'Adaline Ashley', 0, '05/10/1978 00:00:00', N'Grawn', '0414576220', '11940777', '1123465');
INSERT INTO NHANVIEN(MANV, TENNV, PHAI, NGAYSINH, DIACHI, SDT, LUONG, PHUCAP) VALUES
('NV039', N'Cody Feliciano', 1, '03/18/1966 00:00:00', N'Onondaga', '0788169493', '12735396', '798014');
INSERT INTO NHANVIEN(MANV, TENNV, PHAI, NGAYSINH, DIACHI, SDT, LUONG, PHUCAP) VALUES
('NV040', N'Everette Anders', 1, '03/10/1972 00:00:00', N'Mahaffey', '0964144424', '12021493', '1997851');
INSERT INTO NHANVIEN(MANV, TENNV, PHAI, NGAYSINH, DIACHI, SDT, LUONG, PHUCAP) VALUES
('NV041', N'Abby Marcum', 1, '03/03/1953 00:00:00', N'Ama', '0710297208', '17454618', '1142580');
INSERT INTO NHANVIEN(MANV, TENNV, PHAI, NGAYSINH, DIACHI, SDT, LUONG, PHUCAP) VALUES
('NV042', N'Marylyn Medina', 1, '07/05/1954 00:00:00', N'Butte Falls', '0974371061', '8435680', '1453709');
INSERT INTO NHANVIEN(MANV, TENNV, PHAI, NGAYSINH, DIACHI, SDT, LUONG, PHUCAP) VALUES
('NV043', N'Tim Howe', 0, '09/15/2002 00:00:00', N'Iron Mountain', '0167647164', '19826746', '1016909');
INSERT INTO NHANVIEN(MANV, TENNV, PHAI, NGAYSINH, DIACHI, SDT, LUONG, PHUCAP) VALUES
('NV044', N'Toney Paradis', 1, '12/11/1970 00:00:00', N'East Petersburg', '0347542651', '9129485', '1349845');
INSERT INTO NHANVIEN(MANV, TENNV, PHAI, NGAYSINH, DIACHI, SDT, LUONG, PHUCAP) VALUES
('NV045', N'Hilma Bower', 0, '06/22/1995 00:00:00', N'Gray', '0288140693', '14984137', '1859535');
INSERT INTO NHANVIEN(MANV, TENNV, PHAI, NGAYSINH, DIACHI, SDT, LUONG, PHUCAP) VALUES
('NV046', N'Sanford Abbott', 1, '06/16/1973 00:00:00', N'Amado', '0578409264', '10418624', '932675');
INSERT INTO NHANVIEN(MANV, TENNV, PHAI, NGAYSINH, DIACHI, SDT, LUONG, PHUCAP) VALUES
('NV047', N'Minh Withers', 0, '10/21/1982 00:00:00', N'East Pittsburgh', '0582148579', '15645798', '744336');
INSERT INTO NHANVIEN(MANV, TENNV, PHAI, NGAYSINH, DIACHI, SDT, LUONG, PHUCAP) VALUES
('NV048', N'Eldridge Cornett', 1, '02/03/1961 00:00:00', N'Riverside', '0300368826', '7000000', '660153');
INSERT INTO NHANVIEN(MANV, TENNV, PHAI, NGAYSINH, DIACHI, SDT, LUONG, PHUCAP) VALUES
('NV049', N'Louie Freedman', 0, '03/04/1996 00:00:00', N'Wheeler Army Airfield', '0556961507', '9704759', '524805');
INSERT INTO NHANVIEN(MANV, TENNV, PHAI, NGAYSINH, DIACHI, SDT, LUONG, PHUCAP) VALUES
('NV050', N'Shakira Underwood', 1, '07/13/1990 00:00:00', N'West Palm Beach', '0123456789', '8773105', '367780');
INSERT INTO NHANVIEN(MANV, TENNV, PHAI, NGAYSINH, DIACHI, SDT, LUONG, PHUCAP) VALUES
('NV051', N'Jeffrey Frazier', 0, '10/22/1985 00:00:00', N'Farmington', '0234567891', '9861387', '238096');
INSERT INTO NHANVIEN(MANV, TENNV, PHAI, NGAYSINH, DIACHI, SDT, LUONG, PHUCAP) VALUES
('NV052', N'Nathanial Herring', 0, '01/12/1988 00:00:00', N'Zanesville', '0456789123', '7157643', '679498');
INSERT INTO NHANVIEN(MANV, TENNV, PHAI, NGAYSINH, DIACHI, SDT, LUONG, PHUCAP) VALUES
('NV053', N'Kasey Luna', 1, '04/23/1982 00:00:00', N'Los Angeles', '0567891234', '8731199', '307681');
INSERT INTO NHANVIEN(MANV, TENNV, PHAI, NGAYSINH, DIACHI, SDT, LUONG, PHUCAP) VALUES
('NV054', N'Tracy Garner', 1, '08/08/1992 00:00:00', N'St. Louis', '0789123456', '1057083', '97687');
INSERT INTO NHANVIEN(MANV, TENNV, PHAI, NGAYSINH, DIACHI, SDT, LUONG, PHUCAP) VALUES
('NV055', N'Kelli Glenn', 1, '05/09/1984 00:00:00', N'Naples', '0912345678', '5583766', '392654');
INSERT INTO NHANVIEN(MANV, TENNV, PHAI, NGAYSINH, DIACHI, SDT, LUONG, PHUCAP) VALUES
('NV056', N'Neville Richards', 1, '01/08/1953 00:00:00', N'Starbuck', '0244066339', '12299666', '799096');
INSERT INTO NHANVIEN(MANV, TENNV, PHAI, NGAYSINH, DIACHI, SDT, LUONG, PHUCAP) VALUES
('NV057', N'Branden Bishop', 1, '05/03/1967 00:00:00', N'Broadlands', '0526601077', '14718081', '1999999');
INSERT INTO NHANVIEN(MANV, TENNV, PHAI, NGAYSINH, DIACHI, SDT, LUONG, PHUCAP) VALUES
('NV058', N'Marlon Frias', 0, '02/10/1992 00:00:00', N'Hull', '0506887094', '9788354', '1896452');
INSERT INTO NHANVIEN(MANV, TENNV, PHAI, NGAYSINH, DIACHI, SDT, LUONG, PHUCAP) VALUES
('NV059',N'Kelsie Moeller',1,'05/28/1985 00:00:00', 'Sully','0845729103','16452587','1576539');
INSERT INTO NHANVIEN(MANV, TENNV, PHAI, NGAYSINH, DIACHI, SDT, LUONG, PHUCAP) VALUES
('NV060', N'Janae Tran', 1, '01/29/1980 00:00:00', N'Houston', '0678912345', '4876214', '776428');
INSERT INTO NHANVIEN(MANV, TENNV, PHAI, NGAYSINH, DIACHI, SDT, LUONG, PHUCAP) VALUES
('NV061', N'Luke Sanders', 0, '09/03/1973 00:00:00', N'Lynn', '0362001199', '9923849', '1056987');
INSERT INTO NHANVIEN(MANV, TENNV, PHAI, NGAYSINH, DIACHI, SDT, LUONG, PHUCAP) VALUES
('NV062', N'Ebonie Fite', 1, '03/02/1963 00:00:00', N'Schofield', '0729092736', '13663060', '1366478');
INSERT INTO NHANVIEN(MANV, TENNV, PHAI, NGAYSINH, DIACHI, SDT, LUONG, PHUCAP) VALUES
('NV063', N'Pedro Scherer', 1, '05/03/1966 00:00:00', N'Ina', '0791684879', '9966051', '1795738');
INSERT INTO NHANVIEN(MANV, TENNV, PHAI, NGAYSINH, DIACHI, SDT, LUONG, PHUCAP) VALUES
('NV064', N'Jenise Homer', 0, '04/04/2000 00:00:00', N'Earp', '0877141892', '15108625', '1896315');
INSERT INTO NHANVIEN(MANV, TENNV, PHAI, NGAYSINH, DIACHI, SDT, LUONG, PHUCAP) VALUES
('NV065', N'Rigoberto Livingston', 1, '03/13/1953 00:00:00', N'Apple Valley', '0479503500', '11194227', '1999999');
INSERT INTO NHANVIEN(MANV, TENNV, PHAI, NGAYSINH, DIACHI, SDT, LUONG, PHUCAP) VALUES
('NV066', N'Hilton Dale', 0, '12/30/1954 00:00:00', N'Gowrie', '0611598351', '16005969', '1240210');
INSERT INTO NHANVIEN(MANV, TENNV, PHAI, NGAYSINH, DIACHI, SDT, LUONG, PHUCAP) VALUES
('NV067', N'Luisa Horne', 1, '01/21/1953 00:00:00', N'Campobello', '0590290623', '8523049', '707390');
INSERT INTO NHANVIEN(MANV, TENNV, PHAI, NGAYSINH, DIACHI, SDT, LUONG, PHUCAP) VALUES
('NV068', N'Aide Lively', 0, '05/13/1985 00:00:00', N'Applegate', '0630285303', '10822217', '1374599');
INSERT INTO NHANVIEN(MANV, TENNV, PHAI, NGAYSINH, DIACHI, SDT, LUONG, PHUCAP) VALUES
('NV069', N'Luigi Tang', 1, '09/26/1955 00:00:00', N'Pharr', '0469104105', '15286481', '1572358');
INSERT INTO NHANVIEN(MANV, TENNV, PHAI, NGAYSINH, DIACHI, SDT, LUONG, PHUCAP) VALUES
('NV070', N'Marlene Pinedas', 1, '01/04/1986 00:00:00', N'Chicago', '0918547118', '1301586', '245819');
INSERT INTO NHANVIEN(MANV, TENNV, PHAI, NGAYSINH, DIACHI, SDT, LUONG, PHUCAP) VALUES
('NV071', N'Angies Christensen', 1, '08/26/1988 00:00:00', N'Boston', '0577417447', '8367112', '179640');
INSERT INTO NHANVIEN(MANV, TENNV, PHAI, NGAYSINH, DIACHI, SDT, LUONG, PHUCAP) VALUES
('NV072', N'Tyrons Klein', 0, '09/20/1983 00:00:00', N'Denver', '0231167891', '2674651', '444831');
INSERT INTO NHANVIEN(MANV, TENNV, PHAI, NGAYSINH, DIACHI, SDT, LUONG, PHUCAP) VALUES
('NV073', N'Samantha Goulds', 1, '04/28/1985 00:00:00', N'San Diego', '0325178912', '4674224', '940193');
INSERT INTO NHANVIEN(MANV, TENNV, PHAI, NGAYSINH, DIACHI, SDT, LUONG, PHUCAP) VALUES
('NV074', N'Alfonso Luster', 0, '06/07/1956 00:00:00', N'Zuni', '0236440965', '15283484', '747908');
INSERT INTO NHANVIEN(MANV, TENNV, PHAI, NGAYSINH, DIACHI, SDT, LUONG, PHUCAP) VALUES
('NV075', N'Kandi Aguiar', 1, '04/20/1982 00:00:00', N'New Bremen', '0627146000', '11144646', '1368263');
INSERT INTO NHANVIEN(MANV, TENNV, PHAI, NGAYSINH, DIACHI, SDT, LUONG, PHUCAP) VALUES
('NV076', N'Ebony Dale', 1, '06/22/1965 00:00:00', N'Warrior', '0066937609', '14947340', '747489');
INSERT INTO NHANVIEN(MANV, TENNV, PHAI, NGAYSINH, DIACHI, SDT, LUONG, PHUCAP) VALUES
('NV077', N'Coleman Stpierre', 1, '02/06/1981 00:00:00', N'Dixfield', '0210055564', '15534712', '1077223');
INSERT INTO NHANVIEN(MANV, TENNV, PHAI, NGAYSINH, DIACHI, SDT, LUONG, PHUCAP) VALUES
('NV078', N'Delmer Barnhill', 1, '12/29/1989 00:00:00', N'Southwest Harbor', '0257599886', '1999909', '919335');
INSERT INTO NHANVIEN(MANV, TENNV, PHAI, NGAYSINH, DIACHI, SDT, LUONG, PHUCAP) VALUES
('NV079', N'Stephan Steel', 0, '11/02/1998 00:00:00', N'Ghent', '0423932869', '12841865', '19999');
INSERT INTO NHANVIEN(MANV, TENNV, PHAI, NGAYSINH, DIACHI, SDT, LUONG, PHUCAP) VALUES
('NV080', N'Bee Ponce', 1, '12/22/2002 00:00:00', N'Zuni', '0227910670', '19461485', '1928855');
INSERT INTO NHANVIEN(MANV, TENNV, PHAI, NGAYSINH, DIACHI, SDT, LUONG, PHUCAP) VALUES
('NV081', N'Melisa Slaton', 0, '01/02/1953 00:00:00', N'Igo', '0432111229', '17453374', '1079289');
INSERT INTO NHANVIEN(MANV, TENNV, PHAI, NGAYSINH, DIACHI, SDT, LUONG, PHUCAP) VALUES
('NV082', N'Keneth Skidmore', 0, '06/18/1974 00:00:00', N'Pompano Beach', '0411980228', '19916301', '1849674');
INSERT INTO NHANVIEN(MANV, TENNV, PHAI, NGAYSINH, DIACHI, SDT, LUONG, PHUCAP) VALUES
('NV083', N'Tim Herman', 1, '07/17/1963 00:00:00', N'High Ridge', '0639369479', '13649334', '1741601');
INSERT INTO NHANVIEN(MANV, TENNV, PHAI, NGAYSINH, DIACHI, SDT, LUONG, PHUCAP) VALUES
('NV084', N'Shavonne Ashton', 1, '03/29/1999 00:00:00', N'Ferris', '0536602925', '19999999', '766628');
INSERT INTO NHANVIEN(MANV, TENNV, PHAI, NGAYSINH, DIACHI, SDT, LUONG, PHUCAP) VALUES
('NV085', N'Deonna Goins', 0, '01/26/1983 00:00:00', N'High Springs', '0549817812', '11651304', '1336712');
INSERT INTO NHANVIEN(MANV, TENNV, PHAI, NGAYSINH, DIACHI, SDT, LUONG, PHUCAP) VALUES
('NV086', N'Gerri Alexander', 1, '02/21/1953 00:00:00', N'Ferrum', '0836155939', '13339840', '1999999');
INSERT INTO NHANVIEN(MANV, TENNV, PHAI, NGAYSINH, DIACHI, SDT, LUONG, PHUCAP) VALUES
('NV087', N'Daron Rector', 0, '08/22/1977 00:00:00', N'Lynbrook', '0561138312', '16169856', '1285821');
INSERT INTO NHANVIEN(MANV, TENNV, PHAI, NGAYSINH, DIACHI, SDT, LUONG, PHUCAP) VALUES
('NV088', N'Virgil Gibbons', 0, '01/09/1953 00:00:00', N'New Ipswich', '0548807956', '16027959', '1999999');
INSERT INTO NHANVIEN(MANV, TENNV, PHAI, NGAYSINH, DIACHI, SDT, LUONG, PHUCAP) VALUES
('NV089', N'Sandie Blanton', 1, '02/10/1953 00:00:00', N'Vintondale', '0370659049', '1999999', '1890357');
INSERT INTO NHANVIEN(MANV, TENNV, PHAI, NGAYSINH, DIACHI, SDT, LUONG, PHUCAP) VALUES
('NV090', N'Beatrice Westmoreland', 1, '03/25/2001 00:00:00', N'Horse Shoe', '0286785586', '19033908', '989312');
INSERT INTO NHANVIEN(MANV, TENNV, PHAI, NGAYSINH, DIACHI, SDT, LUONG, PHUCAP) VALUES
('NV091', N'Misty Bourque', 1, '12/08/1970 00:00:00', N'Deerfield Beach', '0521024346', '13697362', NULL);
INSERT INTO NHANVIEN(MANV, TENNV, PHAI, NGAYSINH, DIACHI, SDT, LUONG, PHUCAP) VALUES
('NV092', N'Shona Forsythe', 0, '09/29/1966 00:00:00', N'Lone Tree', '0719198482', '7698421', '1954424');
INSERT INTO NHANVIEN(MANV, TENNV, PHAI, NGAYSINH, DIACHI, SDT, LUONG, PHUCAP) VALUES
('NV093', N'Lindsey Tuck', 1, '08/15/1954 00:00:00', N'Coopersville', NULL, '17865761', NULL);
INSERT INTO NHANVIEN(MANV, TENNV, PHAI, NGAYSINH, DIACHI, SDT, LUONG, PHUCAP) VALUES
('NV094', N'Toney Mcdonald', 1, '06/12/1971 00:00:00', N'Boonville', '0362442408', '18414278', '932520');
INSERT INTO NHANVIEN(MANV, TENNV, PHAI, NGAYSINH, DIACHI, SDT, LUONG, PHUCAP) VALUES
('NV095', N'Theodore Farrow', 1, '09/27/1985 00:00:00', N'Ft Totten', '0950556019', '8329754', '793457');
INSERT INTO NHANVIEN(MANV, TENNV, PHAI, NGAYSINH, DIACHI, SDT, LUONG, PHUCAP) VALUES
('NV096', N'Dion Pearce', 0, '03/07/1953 00:00:00', N'Waukon', '0837621674', '11565501', '1929087');
INSERT INTO NHANVIEN(MANV, TENNV, PHAI, NGAYSINH, DIACHI, SDT, LUONG, PHUCAP) VALUES
('NV097', N'Maurice Escamilla', 0, '06/10/1981 00:00:00', N'Deering', '0926278598', '1999999', '1029528');
INSERT INTO NHANVIEN(MANV, TENNV, PHAI, NGAYSINH, DIACHI, SDT, LUONG, PHUCAP) VALUES
('NV098', N'Andre Bland', 0, '07/20/1982 00:00:00', N'Ft Valley', '0226711941', '17998791', '1069359');
INSERT INTO NHANVIEN(MANV, TENNV, PHAI, NGAYSINH, DIACHI, SDT, LUONG, PHUCAP) VALUES
('NV099', N'Kenneth Schaefer', 1, '03/11/1981 00:00:00', N'Pelion', '0212039046', '19754353', '199999');
INSERT INTO NHANVIEN(MANV, TENNV, PHAI, NGAYSINH, DIACHI, SDT, LUONG, PHUCAP) VALUES
('NV100', N'Edra Cleveland', 0, '02/05/2000 00:00:00', N'Milano', '0397723185', '14856986', '877065');
INSERT INTO NHANVIEN(MANV, TENNV, PHAI, NGAYSINH, DIACHI, SDT, LUONG, PHUCAP) VALUES
('NV101', N'Gregg Dallas', 1, '02/01/1986 00:00:00', N'San Luis Rey', '0547905681', '1999999', '1781499');
INSERT INTO NHANVIEN(MANV, TENNV, PHAI, NGAYSINH, DIACHI, SDT, LUONG, PHUCAP) VALUES
('NV102', N'Dana Lebron', 0, '02/28/1953 00:00:00', N'Conde', '0476804212', '17365748', '1999999');
INSERT INTO NHANVIEN(MANV, TENNV, PHAI, NGAYSINH, DIACHI, SDT, LUONG, PHUCAP) VALUES
('NV103', N'Pasquale Lattimore', 0, '02/18/1953 00:00:00', N'Pawnee City', '0740678385', '18742016', '978940');
INSERT INTO NHANVIEN(MANV, TENNV, PHAI, NGAYSINH, DIACHI, SDT, LUONG, PHUCAP) VALUES
('NV104', N'Lavonda Ricks', 1, '01/02/1953 00:00:00', N'San Manuel', '0896068980', '8040217', '193609');
INSERT INTO NHANVIEN(MANV, TENNV, PHAI, NGAYSINH, DIACHI, SDT, LUONG, PHUCAP) VALUES
('NV105', N'Deborah Cahill', 0, '06/21/1998 00:00:00', N'Pawtucket', '0879934816','13884693', '1037469');
INSERT INTO NHANVIEN(MANV, TENNV, PHAI, NGAYSINH, DIACHI, SDT, LUONG, PHUCAP) VALUES
('NV106', N'Emely Goins', 1, '05/18/1985 00:00:00', N'Boca Raton', '0301197579', '8114684', NULL);
INSERT INTO NHANVIEN(MANV, TENNV, PHAI, NGAYSINH, DIACHI, SDT, LUONG, PHUCAP) VALUES
('NV107', N'Shauna Taggart', 0, '02/20/1956 00:00:00', N'West Liberty', '0842156662', '11965798', '1023795');
INSERT INTO NHANVIEN(MANV, TENNV, PHAI, NGAYSINH, DIACHI, SDT, LUONG, PHUCAP) VALUES
('NV108', N'Eugene Cormier', 1, '10/15/1955 00:00:00', N'Flourtown', '0616557764', '19059639', '1854493');
INSERT INTO NHANVIEN(MANV, TENNV, PHAI, NGAYSINH, DIACHI, SDT, LUONG, PHUCAP) VALUES
('NV109', N'Kaitlyn Cormier', 1, '02/08/1953 00:00:00', N'La Vista', '0475253105', '11275551', '199999');
INSERT INTO NHANVIEN(MANV, TENNV, PHAI, NGAYSINH, DIACHI, SDT, LUONG, PHUCAP) VALUES
('NV110', N'Williams Whatley', 0, '08/26/1965 00:00:00', N'Hollansburg', '0361626016', '18249024', '950395');
INSERT INTO NHANVIEN(MANV, TENNV, PHAI, NGAYSINH, DIACHI, SDT, LUONG, PHUCAP) VALUES
('NV111', N'Cherly Rock', 1, '02/22/1968 00:00:00', N'Condon', '0307735802', '1999990', '660581');
INSERT INTO NHANVIEN(MANV, TENNV, PHAI, NGAYSINH, DIACHI, SDT, LUONG, PHUCAP) VALUES
('NV112', N'Sonya Boston', 0, '08/09/1995 00:00:00', N'Zuni', '0445213471', '19176494', '1160572');
INSERT INTO NHANVIEN(MANV, TENNV, PHAI, NGAYSINH, DIACHI, SDT, LUONG, PHUCAP) VALUES
('NV113', N'Tony Bravo', 1, '05/03/1982 00:00:00', N'Steuben', '0938402369', '10931328', '1405862');
INSERT INTO NHANVIEN(MANV, TENNV, PHAI, NGAYSINH, DIACHI, SDT, LUONG, PHUCAP) VALUES
('NV114', N'Rodrick Burnett', 0, '11/29/1981 00:00:00', N'Bodega Bay', '0896863431', '9228403', '1135659');
INSERT INTO NHANVIEN(MANV, TENNV, PHAI, NGAYSINH, DIACHI, SDT, LUONG, PHUCAP) VALUES
('NV115', N'Tomiko Finch', 1, '12/01/1979 00:00:00', N'Milanville', '0884538090', '10662118', '1501117');
INSERT INTO NHANVIEN(MANV, TENNV, PHAI, NGAYSINH, DIACHI, SDT, LUONG, PHUCAP) VALUES
('NV116', N'Jennine Settle', 1, '10/24/1964 00:00:00', N'West Linn', '0016109596', '16960618', '500000');
INSERT INTO NHANVIEN(MANV, TENNV, PHAI, NGAYSINH, DIACHI, SDT, LUONG, PHUCAP) VALUES
('NV117', N'Bridget Parris', 1, '03/16/1990 00:00:00', N'Flower Mound', '0283732393', '16292337', NULL);
INSERT INTO NHANVIEN(MANV, TENNV, PHAI, NGAYSINH, DIACHI, SDT, LUONG, PHUCAP) VALUES
('NV118', N'Humberto Tanner', 0, '04/15/1955 00:00:00', N'Labelle', '0460572423', '12854788', '1566292');
INSERT INTO NHANVIEN(MANV, TENNV, PHAI, NGAYSINH, DIACHI, SDT, LUONG, PHUCAP) VALUES
('NV119', N'Abraham Locklear', 0, '10/01/1973 00:00:00', N'Conehatta', '0485307076', '18489894', '1247691');
INSERT INTO NHANVIEN(MANV, TENNV, PHAI, NGAYSINH, DIACHI, SDT, LUONG, PHUCAP) VALUES
('NV120', N'Tyler Burnette', 0, '07/01/1968 00:00:00', N'Boerne', '0164030126', '7910387', '1968160');
INSERT INTO NHANVIEN(MANV, TENNV, PHAI, NGAYSINH, DIACHI, SDT, LUONG, PHUCAP) VALUES
('NV121', N'Ema Wilson', 1, '01/08/1953 00:00:00', N'San Marcos', '0884214055', '7000000', '811484');
INSERT INTO NHANVIEN(MANV, TENNV, PHAI, NGAYSINH, DIACHI, SDT, LUONG, PHUCAP) VALUES
('NV122', N'Antony Mabry', 1, '04/12/1972 00:00:00', N'Conestoga', '0664667963', '7599072', '500000');
INSERT INTO NHANVIEN(MANV, TENNV, PHAI, NGAYSINH, DIACHI, SDT, LUONG, PHUCAP) VALUES
('NV123', N'Jannie Doss', 1, '11/18/1954 00:00:00', N'Milbank', '0834666424', '14100127', '805047');
INSERT INTO NHANVIEN(MANV, TENNV, PHAI, NGAYSINH, DIACHI, SDT, LUONG, PHUCAP) VALUES
('NV124', N'Quinton Hynes', 0, '01/03/1953 00:00:00', N'Paxinos', '0883214698', '7032411', '1864891');
INSERT INTO NHANVIEN(MANV, TENNV, PHAI, NGAYSINH, DIACHI, SDT, LUONG, PHUCAP) VALUES
('NV125', N'Lisa Cavanaugh', 1, '01/26/1957 00:00:00', N'Steubenville', '0405642226', '18504014', '1795064');
INSERT INTO NHANVIEN(MANV, TENNV, PHAI, NGAYSINH, DIACHI, SDT, LUONG, PHUCAP) VALUES
('NV126', N'Keven Nesmith', 1, '04/12/1999 00:00:00', N'Labolt', '0802340900', '7000000', '1747401');
INSERT INTO NHANVIEN(MANV, TENNV, PHAI, NGAYSINH, DIACHI, SDT, LUONG, PHUCAP) VALUES
('NV127', N'Windy Redmon', 1, '04/22/1954 00:00:00', N'Milbridge', '0020005227', '2000000', '919196');
INSERT INTO NHANVIEN(MANV, TENNV, PHAI, NGAYSINH, DIACHI, SDT, LUONG, PHUCAP) VALUES
('NV128', N'Gail Peltier', 1, '07/11/2001 00:00:00', N'San Marino', '0200226761', '15598806', '1597405');
INSERT INTO NHANVIEN(MANV, TENNV, PHAI, NGAYSINH, DIACHI, SDT, LUONG, PHUCAP) VALUES
('NV129', N'Adan Nadeau', 0, '12/14/1973 00:00:00', N'Holley', '0908343070', '12014889', '978551');
INSERT INTO NHANVIEN(MANV, TENNV, PHAI, NGAYSINH, DIACHI, SDT, LUONG, PHUCAP) VALUES
('NV130', N'Rusty Lindsey', 1, '03/02/1996 00:00:00', N'Bogalusa', '0111415532', '14508352', '2000000');
INSERT INTO NHANVIEN(MANV, TENNV, PHAI, NGAYSINH, DIACHI, SDT, LUONG, PHUCAP) VALUES
('NV131', N'Lourie Hauser', 1, '03/16/1975 00:00:00', N'Paxton', '0959647777', '7000000', NULL);
INSERT INTO NHANVIEN(MANV, TENNV, PHAI, NGAYSINH, DIACHI, SDT, LUONG, PHUCAP) VALUES
('NV132', N'Monique Greenberg', 1, '09/20/1980 00:00:00', N'Conesville', '0858911968', '11148853', '1185619');
INSERT INTO NHANVIEN(MANV, TENNV, PHAI, NGAYSINH, DIACHI, SDT, LUONG, PHUCAP) VALUES
('NV133', N'Joyce Nickerson', 1, '09/05/1996 00:00:00', N'Bogart', '0171968296', '8305238', NULL);
INSERT INTO NHANVIEN(MANV, TENNV, PHAI, NGAYSINH, DIACHI, SDT, LUONG, PHUCAP) VALUES
('NV134', N'Gerry Carter', 1, '09/12/1979 00:00:00', N'Lac du Flambeau', '0165105076', '19453051', '961572');
INSERT INTO NHANVIEN(MANV, TENNV, PHAI, NGAYSINH, DIACHI, SDT, LUONG, PHUCAP) VALUES
('NV135', N'Kristofer Kuhn', 0, '12/31/1970 00:00:00', N'Miles', '0170269538', '10924845', NULL);
INSERT INTO NHANVIEN(MANV, TENNV, PHAI, NGAYSINH, DIACHI, SDT, LUONG, PHUCAP) VALUES
('NV136', N'Duncan Fitzgerald', 1, '10/25/1997 00:00:00', N'Lacey', '0794694642', '19632431', '1614512');
INSERT INTO NHANVIEN(MANV, TENNV, PHAI, NGAYSINH, DIACHI, SDT, LUONG, PHUCAP) VALUES
('NV137', N'Epifania Goodrich', 0, '08/10/1987 00:00:00', N'San Martin', '0630213911', '11009666', '862334');
INSERT INTO NHANVIEN(MANV, TENNV, PHAI, NGAYSINH, DIACHI, SDT, LUONG, PHUCAP) VALUES
('NV138', N'Sirena Hutson', 0, '12/12/1986 00:00:00', N'Miles City', '0518952793', '13284593', NULL);
INSERT INTO NHANVIEN(MANV, TENNV, PHAI, NGAYSINH, DIACHI, SDT, LUONG, PHUCAP) VALUES
('NV139', N'Kyle Ostrander', 0, '05/19/1987 00:00:00', N'Payette', '0556409452', '9987060', '500000');
INSERT INTO NHANVIEN(MANV, TENNV, PHAI, NGAYSINH, DIACHI, SDT, LUONG, PHUCAP) VALUES
('NV140', N'Shiloh Dickerson', 0, '06/10/1962 00:00:00', N'San Mateo', '0388861751', '14956561', '512247');
INSERT INTO NHANVIEN(MANV, TENNV, PHAI, NGAYSINH, DIACHI, SDT, LUONG, PHUCAP) VALUES
('NV141', N'Harriett Patel', 0, '10/22/1958 00:00:00', N'Flowery Branch', '0881357660', '16979564', '1888745');
INSERT INTO NHANVIEN(MANV, TENNV, PHAI, NGAYSINH, DIACHI, SDT, LUONG, PHUCAP) VALUES
('NV142', N'Nathanael Mahaffey', 1, '01/06/1957 00:00:00', N'Laceys Spring', '0151865994', '14551908', '1936118');
INSERT INTO NHANVIEN(MANV, TENNV, PHAI, NGAYSINH, DIACHI, SDT, LUONG, PHUCAP) VALUES
('NV143', N'Ezekiel Utley', 0, '04/04/1995 00:00:00', N'Paynesville', '0526531679', '13390217', '590045');
INSERT INTO NHANVIEN(MANV, TENNV, PHAI, NGAYSINH, DIACHI, SDT, LUONG, PHUCAP) VALUES
('NV144', N'Malissa Ratliff', 0, '05/05/1966 00:00:00', N'West Long Branch', '0105354889', '7755167', '1462699');
INSERT INTO NHANVIEN(MANV, TENNV, PHAI, NGAYSINH, DIACHI, SDT, LUONG, PHUCAP) VALUES
('NV145', N'Harry Alger', 0, '09/24/1968 00:00:00', N'Holliday', '0737306277', '12351863', '998848');
INSERT INTO NHANVIEN(MANV, TENNV, PHAI, NGAYSINH, DIACHI, SDT, LUONG, PHUCAP) VALUES
('NV146', N'Pauletta Quinones', 0, '05/30/1974 00:00:00', N'San Miguel', '0872703238', '8334389', '1460165');
INSERT INTO NHANVIEN(MANV, TENNV, PHAI, NGAYSINH, DIACHI, SDT, LUONG, PHUCAP) VALUES
('NV147', N'Carla Chisolm', 0, '01/27/1986 00:00:00', N'Flowood', '0777965405', '11960860', NULL);
INSERT INTO NHANVIEN(MANV, TENNV, PHAI, NGAYSINH, DIACHI, SDT, LUONG, PHUCAP) VALUES
('NV148', N'France Dancy', 0, '09/21/1974 00:00:00', N'Hollidaysburg', '0645539704', '8108735', '887914');
INSERT INTO NHANVIEN(MANV, TENNV, PHAI, NGAYSINH, DIACHI, SDT, LUONG, PHUCAP) VALUES
('NV149', N'Olin Bottoms', 0, '09/08/1957 00:00:00', N'Floyd', '0031896500', '14878486', '1047049');
INSERT INTO NHANVIEN(MANV, TENNV, PHAI, NGAYSINH, DIACHI, SDT, LUONG, PHUCAP) VALUES
('NV150', N'Consuelo Julian', 1, '12/28/1954 00:00:00', N'Kahului', '0898327412', '17192429', '1759366');
INSERT INTO NHANVIEN(MANV, TENNV, PHAI, NGAYSINH, DIACHI, SDT, LUONG, PHUCAP) VALUES
('NV151', N'Sammie Clemmons', 0, '12/10/1959 00:00:00', N'East Irvine', '0262816854', '11992096', NULL);
INSERT INTO NHANVIEN(MANV, TENNV, PHAI, NGAYSINH, DIACHI, SDT, LUONG, PHUCAP) VALUES
('NV152', N'Glen Warden', 0, '10/02/1959 00:00:00', N'Grangeville', '0675395179', '7814712', '1711150');
INSERT INTO NHANVIEN(MANV, TENNV, PHAI, NGAYSINH, DIACHI, SDT, LUONG, PHUCAP) VALUES
('NV153', N'Lura Justus', 1, '09/04/1962 00:00:00', N'White Stone', '0295795120', '13675010', '981066');
INSERT INTO NHANVIEN(MANV, TENNV, PHAI, NGAYSINH, DIACHI, SDT, LUONG, PHUCAP) VALUES
('NV154', N'Jess Dupre', 0, '11/12/1983 00:00:00', N'Sultan', '0193738127', '17201628', '1335733');
INSERT INTO NHANVIEN(MANV, TENNV, PHAI, NGAYSINH, DIACHI, SDT, LUONG, PHUCAP) VALUES
('NV155', N'Chester Tillery', 0, '01/05/1953 00:00:00', N'Cadet', '0318776279', '17574230', '1781575');
INSERT INTO NHANVIEN(MANV, TENNV, PHAI, NGAYSINH, DIACHI, SDT, LUONG, PHUCAP) VALUES
('NV156', N'Angela Hopper', 1, '06/18/1979 00:00:00', N'Red Hook', '0400604902', '16060421', '1627867');
INSERT INTO NHANVIEN(MANV, TENNV, PHAI, NGAYSINH, DIACHI, SDT, LUONG, PHUCAP) VALUES
('NV157', N'Katy Hardesty', 1, '01/08/1953 00:00:00', N'Marseilles', '0856575366', '8328233', '1014759');
INSERT INTO NHANVIEN(MANV, TENNV, PHAI, NGAYSINH, DIACHI, SDT, LUONG, PHUCAP) VALUES
('NV158', N'Zula Stubblefield', 0, '06/11/2000 00:00:00', N'East Islip', '0975876173', '19999999', NULL);
INSERT INTO NHANVIEN(MANV, TENNV, PHAI, NGAYSINH, DIACHI, SDT, LUONG, PHUCAP) VALUES
('NV159', N'Weldon Singer', 1, '01/04/1953 00:00:00', N'Zuni', '0833089987', '16713685', '1410420');
INSERT INTO NHANVIEN(MANV, TENNV, PHAI, NGAYSINH, DIACHI, SDT, LUONG, PHUCAP) VALUES
('NV160', N'Leonard Pogue', 1, '02/01/1960 00:00:00', N'Massillon', '0793722936', '19598616', NULL);
INSERT INTO NHANVIEN(MANV, TENNV, PHAI, NGAYSINH, DIACHI, SDT, LUONG, PHUCAP) VALUES
('NV161', N'Chung Diggs', 1, '09/24/1954 00:00:00', N'Vonore', '0843372273', '16278278', '1639537');
INSERT INTO NHANVIEN(MANV, TENNV, PHAI, NGAYSINH, DIACHI, SDT, LUONG, PHUCAP) VALUES
('NV162', N'Moises Loftis', 0, '02/01/1968 00:00:00', N'Kasson', '0070037669', '18865482', '1343314');
INSERT INTO NHANVIEN(MANV, TENNV, PHAI, NGAYSINH, DIACHI, SDT, LUONG, PHUCAP) VALUES
('NV163', N'Stephenie Mcclanahan', 1, '08/20/1979 00:00:00', N'Harrodsburg', '0187358696', '19999999', '1731406');
INSERT INTO NHANVIEN(MANV, TENNV, PHAI, NGAYSINH, DIACHI, SDT, LUONG, PHUCAP) VALUES
('NV164', N'Anton Goebel', 0, '01/23/1953 00:00:00', N'Sodus Point', '0783883890', '12921769', NULL);
INSERT INTO NHANVIEN(MANV, TENNV, PHAI, NGAYSINH, DIACHI, SDT, LUONG, PHUCAP) VALUES
('NV165', N'Nicky Fennell', 0, '09/15/1986 00:00:00', N'Mastic', '0307739046', '17103222', '1124223');
INSERT INTO NHANVIEN(MANV, TENNV, PHAI, NGAYSINH, DIACHI, SDT, LUONG, PHUCAP) VALUES
('NV166', N'Gus Earls', 1, '01/07/1956 00:00:00', N'Voorhees', '0438495043', '15241005', '1076964');
INSERT INTO NHANVIEN(MANV, TENNV, PHAI, NGAYSINH, DIACHI, SDT, LUONG, PHUCAP) VALUES
('NV167', N'Rodrick Kauffman', 0, '01/02/1953 00:00:00', N'Zuni', '0375923489', '11164496', '666770');
INSERT INTO NHANVIEN(MANV, TENNV, PHAI, NGAYSINH, DIACHI, SDT, LUONG, PHUCAP) VALUES
('NV168', N'Merle Link', 1, '03/31/1965 00:00:00', N'Byfield', '0519317431', '19999999', '1961185');
INSERT INTO NHANVIEN(MANV, TENNV, PHAI, NGAYSINH, DIACHI, SDT, LUONG, PHUCAP) VALUES
('NV169', N'Suzy Baggett', 0, '09/09/1973 00:00:00', N'Ambler', '0505253708', '18305759', '1274533');
INSERT INTO NHANVIEN(MANV, TENNV, PHAI, NGAYSINH, DIACHI, SDT, LUONG, PHUCAP) VALUES
('NV170', N'Eugenia Ordonez', 1, '02/02/1989 00:00:00', N'Williamstown', '0671500139', '16804431', '1402823');
INSERT INTO NHANVIEN(MANV, TENNV, PHAI, NGAYSINH, DIACHI, SDT, LUONG, PHUCAP) VALUES
('NV171', N'September Acevedo', 1, '06/18/1984 00:00:00', N'Gardendale', '0304419725', '18381406', '887659');
INSERT INTO NHANVIEN(MANV, TENNV, PHAI, NGAYSINH, DIACHI, SDT, LUONG, PHUCAP) VALUES
('NV172', N'Modesto Goldsmith', 1, '02/18/1962 00:00:00', N'Mooreland', '0749658748', '9139872', NULL);
INSERT INTO NHANVIEN(MANV, TENNV, PHAI, NGAYSINH, DIACHI, SDT, LUONG, PHUCAP) VALUES
('NV173', N'Lamar Maki', 0, '10/01/1972 00:00:00', N'Dermott', '0471152865', '18146532', '1447032');
INSERT INTO NHANVIEN(MANV, TENNV, PHAI, NGAYSINH, DIACHI, SDT, LUONG, PHUCAP) VALUES
('NV174', N'Lani Burger', 0, '01/06/1996 00:00:00', N'Swansboro', '0547156028', '18301615', '1560949');
INSERT INTO NHANVIEN(MANV, TENNV, PHAI, NGAYSINH, DIACHI, SDT, LUONG, PHUCAP) VALUES
('NV175', N'Aldo Lyons', 1, '09/05/1998 00:00:00', N'Layton', '0338069499', '10499535', '1528621');
INSERT INTO NHANVIEN(MANV, TENNV, PHAI, NGAYSINH, DIACHI, SDT, LUONG, PHUCAP) VALUES
('NV176', N'Elias Goodwin', 1, '07/02/2002 00:00:00', N'Williamsville', '0343535803', '16421393', '1447893');
INSERT INTO NHANVIEN(MANV, TENNV, PHAI, NGAYSINH, DIACHI, SDT, LUONG, PHUCAP) VALUES
('NV177', N'Scarlet Labbe', 1, '01/07/1953 00:00:00', N'Gardiner', '0782903233', '12528293', '966191');
INSERT INTO NHANVIEN(MANV, TENNV, PHAI, NGAYSINH, DIACHI, SDT, LUONG, PHUCAP) VALUES
('NV178', N'Mariano Cathey', 1, '12/07/1954 00:00:00', N'Swansea', '0277040087', '19999990', NULL);
INSERT INTO NHANVIEN(MANV, TENNV, PHAI, NGAYSINH, DIACHI, SDT, LUONG, PHUCAP) VALUES
('NV179', N'Sommer Wicker', 0, '08/21/1961 00:00:00', N'Willimantic', '0785035947', '7796530', '1425310');
INSERT INTO NHANVIEN(MANV, TENNV, PHAI, NGAYSINH, DIACHI, SDT, LUONG, PHUCAP) VALUES
('NV180', N'Gilbert Morin', 0, '04/04/1968 00:00:00', N'Kanawha', '0649387331', '14471885', '782885');
INSERT INTO NHANVIEN(MANV, TENNV, PHAI, NGAYSINH, DIACHI, SDT, LUONG, PHUCAP) VALUES
('NV181', N'Efren Ramos', 0, '03/31/1953 00:00:00', N'St Peter', '0864546287', '12609325', '1311023');
INSERT INTO NHANVIEN(MANV, TENNV, PHAI, NGAYSINH, DIACHI, SDT, LUONG, PHUCAP) VALUES
('NV182', N'Mitchell Chun', 1, '09/19/1962 00:00:00', N'Curwensville', '0518169827', '10175546', '935291');
INSERT INTO NHANVIEN(MANV, TENNV, PHAI, NGAYSINH, DIACHI, SDT, LUONG, PHUCAP) VALUES
('NV183', N'German Littlefield', 1, '06/17/1990 00:00:00', N'Budd Lake', '0676857933', '19999999', '1151055');
INSERT INTO NHANVIEN(MANV, TENNV, PHAI, NGAYSINH, DIACHI, SDT, LUONG, PHUCAP) VALUES
('NV184', N'Cary Tackett', 0, '10/27/1955 00:00:00', N'Zuni', '0311329255', '18733587', '1024355');
INSERT INTO NHANVIEN(MANV, TENNV, PHAI, NGAYSINH, DIACHI, SDT, LUONG, PHUCAP) VALUES
('NV185', N'Oscar Selby', 1, '02/14/1961 00:00:00', N'Martinsburg', '0379399953', '19999999', '1178975');
INSERT INTO NHANVIEN(MANV, TENNV, PHAI, NGAYSINH, DIACHI, SDT, LUONG, PHUCAP) VALUES
('NV186', N'Mariella Hurtado', 1, '02/23/1980 00:00:00', N'Old Orchard Beach', '0248666753', '7360958', NULL);
INSERT INTO NHANVIEN(MANV, TENNV, PHAI, NGAYSINH, DIACHI, SDT, LUONG, PHUCAP) VALUES
('NV187', N'Karolyn Leyva', 0, '01/26/1993 00:00:00', N'Alexis', '0299082087', '9984169', '760286');
INSERT INTO NHANVIEN(MANV, TENNV, PHAI, NGAYSINH, DIACHI, SDT, LUONG, PHUCAP) VALUES
('NV188', N'Brandie Robinson', 0, '07/02/1987 00:00:00', N'Buellton', '0925772533', '14918267', '640198');
INSERT INTO NHANVIEN(MANV, TENNV, PHAI, NGAYSINH, DIACHI, SDT, LUONG, PHUCAP) VALUES
('NV189', N'Andrea Theriault', 0, '10/11/1981 00:00:00', N'Kandiyohi', '0964917176', '19522196', '1999999');
INSERT INTO NHANVIEN(MANV, TENNV, PHAI, NGAYSINH, DIACHI, SDT, LUONG, PHUCAP) VALUES
('NV190', N'Shara Mcnair', 0, '04/09/1989 00:00:00', N'Old Washington', '0855920506', '19999999', '1999999');
INSERT INTO NHANVIEN(MANV, TENNV, PHAI, NGAYSINH, DIACHI, SDT, LUONG, PHUCAP) VALUES
('NV191', N'Federico Schmitt', 1, '01/31/1981 00:00:00', N'Zuni', '0219862194', '19918986', '541748');
INSERT INTO NHANVIEN(MANV, TENNV, PHAI, NGAYSINH, DIACHI, SDT, LUONG, PHUCAP) VALUES
('NV192', N'Suellen Rosenthal', 0, '06/01/1984 00:00:00', N'Rincon', '0879022167', '14020688', '789789');
INSERT INTO NHANVIEN(MANV, TENNV, PHAI, NGAYSINH, DIACHI, SDT, LUONG, PHUCAP) VALUES
('NV193', N'Patrick Arnett', 1, '09/15/1988 00:00:00', N'Elida', '0071431344', '12496933', '1067309');
INSERT INTO NHANVIEN(MANV, TENNV, PHAI, NGAYSINH, DIACHI, SDT, LUONG, PHUCAP) VALUES
('NV194', N'Heath Whyte', 1, '03/28/1954 00:00:00', N'Long Valley', '0756777443', '19711316', NULL);
INSERT INTO NHANVIEN(MANV, TENNV, PHAI, NGAYSINH, DIACHI, SDT, LUONG, PHUCAP) VALUES
('NV195', N'Antonio Dugger', 1, '11/08/1964 00:00:00', N'Haddonfield', '0422549228', '15444465', '1037251');
INSERT INTO NHANVIEN(MANV, TENNV, PHAI, NGAYSINH, DIACHI, SDT, LUONG, PHUCAP) VALUES
('NV196', N'Amalia Durand', 1, '09/29/1973 00:00:00', N'Warwick', '0695784693', '16334551', '657752');
INSERT INTO NHANVIEN(MANV, TENNV, PHAI, NGAYSINH, DIACHI, SDT, LUONG, PHUCAP) VALUES
('NV197', N'Forrest Beane', 1, '01/10/1953 00:00:00', N'Hot Springs Village', '0307169695', '8232769', '951103');
INSERT INTO NHANVIEN(MANV, TENNV, PHAI, NGAYSINH, DIACHI, SDT, LUONG, PHUCAP) VALUES
('NV198', N'Francisco Delong', 0, '11/30/1985 00:00:00', N'Spangle', '0694749092', '12003437', '575960');
INSERT INTO NHANVIEN(MANV, TENNV, PHAI, NGAYSINH, DIACHI, SDT, LUONG, PHUCAP) VALUES
('NV199', N'Lane Boykin', 0, '02/05/1987 00:00:00', N'Longboat Key', '0346096588', '14464524', '629148');
INSERT INTO NHANVIEN(MANV, TENNV, PHAI, NGAYSINH, DIACHI, SDT, LUONG, PHUCAP) VALUES
('NV200', N'Donna Leal', 0, '11/08/1988 00:00:00', N'Retsof', '0473739939', '19515928', '782654');
INSERT INTO NHANVIEN(MANV, TENNV, PHAI, NGAYSINH, DIACHI, SDT, LUONG, PHUCAP) VALUES
('NV201', N'Jeffrey Acker', 1, '01/23/1953 00:00:00', N'Ocheyedan', '0455848743', '8552043', '199999');
INSERT INTO NHANVIEN(MANV, TENNV, PHAI, NGAYSINH, DIACHI, SDT, LUONG, PHUCAP) VALUES
('NV202', N'Minh Mcnutt', 1, '02/04/1989 00:00:00', N'Seagraves', '0844612175', '16397738', '676918');
INSERT INTO NHANVIEN(MANV, TENNV, PHAI, NGAYSINH, DIACHI, SDT, LUONG, PHUCAP) VALUES
('NV203', N'Ross James', 0, '03/06/1978 00:00:00', N'Altoona', '0368261558', '17700814', NULL);
INSERT INTO NHANVIEN(MANV, TENNV, PHAI, NGAYSINH, DIACHI, SDT, LUONG, PHUCAP) VALUES
('NV204', N'Imogene Conners', 0, '02/12/1973 00:00:00', N'Zuni', '0802939837', '1999999', '904906');
INSERT INTO NHANVIEN(MANV, TENNV, PHAI, NGAYSINH, DIACHI, SDT, LUONG, PHUCAP) VALUES
('NV205', N'Jacalyn Mccreary', 1, '01/19/1953 00:00:00', N'Tranquillity', '0472289223', '8395945', '1284743');
INSERT INTO NHANVIEN(MANV, TENNV, PHAI, NGAYSINH, DIACHI, SDT, LUONG, PHUCAP) VALUES
('NV206', N'Rueben Pickens', 1, '09/07/1998 00:00:00', N'Seahurst', '0853958223', '14967283', '1915703');
INSERT INTO NHANVIEN(MANV, TENNV, PHAI, NGAYSINH, DIACHI, SDT, LUONG, PHUCAP) VALUES
('NV207', N'Jayna Mcwilliams', 0, '03/09/1953 00:00:00', N'Horse Branch', '0721310538', '18473900', '1460279');
INSERT INTO NHANVIEN(MANV, TENNV, PHAI, NGAYSINH, DIACHI, SDT, LUONG, PHUCAP) VALUES
('NV208', N'Arica Merritt', 0, '11/01/1963 00:00:00', N'Lone Star', '0999849280', '19999999', NULL);
INSERT INTO NHANVIEN(MANV, TENNV, PHAI, NGAYSINH, DIACHI, SDT, LUONG, PHUCAP) VALUES
('NV209', N'Demetrius Park', 1, '09/16/1965 00:00:00', N'Dravosburg', '0502433782', '12700809', '1452559');
INSERT INTO NHANVIEN(MANV, TENNV, PHAI, NGAYSINH, DIACHI, SDT, LUONG, PHUCAP) VALUES
('NV210', N'Mitch Oneill', 0, '02/14/1989 00:00:00', N'Glen Ellyn', '0189312656', '14070176', '1110154');
INSERT INTO NHANVIEN(MANV, TENNV, PHAI, NGAYSINH, DIACHI, SDT, LUONG, PHUCAP) VALUES
('NV211', N'Isaias Staples', 0, '11/07/1963 00:00:00', N'Drayton', '0056972432', '9461982', '1406626');
INSERT INTO NHANVIEN(MANV, TENNV, PHAI, NGAYSINH, DIACHI, SDT, LUONG, PHUCAP) VALUES
('NV212', N'Lise Underwood', 1, '07/23/1957 00:00:00', N'Horse Shoe', '0954632590', '18823040', NULL);
INSERT INTO NHANVIEN(MANV, TENNV, PHAI, NGAYSINH, DIACHI, SDT, LUONG, PHUCAP) VALUES
('NV213', N'Virgie Wester', 0, '03/16/1982 00:00:00', N'Revere', '0002222317', '8955455', '1315515');
INSERT INTO NHANVIEN(MANV, TENNV, PHAI, NGAYSINH, DIACHI, SDT, LUONG, PHUCAP) VALUES
('NV214', N'Alia Roden', 0, '09/13/1989 00:00:00', N'Bushnell', '0831928997', '18257700', NULL);
INSERT INTO NHANVIEN(MANV, TENNV, PHAI, NGAYSINH, DIACHI, SDT, LUONG, PHUCAP) VALUES
('NV215', N'Tonette Hooks', 0, '04/01/1955 00:00:00', N'Ochlocknee', '0505613383', '18476532', NULL);
INSERT INTO NHANVIEN(MANV, TENNV, PHAI, NGAYSINH, DIACHI, SDT, LUONG, PHUCAP) VALUES
('NV216', N'Pilar Leon', 1, '04/10/1953 00:00:00', N'Transfer', '0927047729', '14349694', NULL);
INSERT INTO NHANVIEN(MANV, TENNV, PHAI, NGAYSINH, DIACHI, SDT, LUONG, PHUCAP) VALUES
('NV217', N'Reda Nagle', 0, '12/06/1957 00:00:00', N'Revillo', '0306916066', '7000000', '600462');
INSERT INTO NHANVIEN(MANV, TENNV, PHAI, NGAYSINH, DIACHI, SDT, LUONG, PHUCAP) VALUES
('NV218', N'Antione Sales', 0, '06/29/1987 00:00:00', N'Seal Beach', '0221239547', '15992984', '1769683');
INSERT INTO NHANVIEN(MANV, TENNV, PHAI, NGAYSINH, DIACHI, SDT, LUONG, PHUCAP) VALUES
('NV219', N'Neville Gladney', 1, '01/21/1998 00:00:00', N'Lone Tree', '0144181714', '15087172', '1999999');
INSERT INTO NHANVIEN(MANV, TENNV, PHAI, NGAYSINH, DIACHI, SDT, LUONG, PHUCAP) VALUES
('NV220', N'Keely Buford', 1, '03/03/1959 00:00:00', N'Ocilla', '0053490563', '97803930', '1411509');
INSERT INTO NHANVIEN(MANV, TENNV, PHAI, NGAYSINH, DIACHI, SDT, LUONG, PHUCAP) VALUES
('NV221', N'Dane Mena', 0, '11/13/1957 00:00:00', N'Horseheads', '0624302622', '17816198', '1329569');
INSERT INTO NHANVIEN(MANV, TENNV, PHAI, NGAYSINH, DIACHI, SDT, LUONG, PHUCAP) VALUES
('NV222', N'Derek Brannon', 0, '01/07/1953 00:00:00', N'Altura', '0505708340', '7066423', '646209');
INSERT INTO NHANVIEN(MANV, TENNV, PHAI, NGAYSINH, DIACHI, SDT, LUONG, PHUCAP) VALUES
('NV223', N'Dalton Mize', 1, '08/27/1979 00:00:00', N'Travelers Rest', '0099576550', '7000000', '1049302');
INSERT INTO NHANVIEN(MANV, TENNV, PHAI, NGAYSINH, DIACHI, SDT, LUONG, PHUCAP) VALUES
('NV224', N'Mason Lovett', 0, '11/18/2002 00:00:00', N'Buskirk', NULL, '13926553', '1125270');
INSERT INTO NHANVIEN(MANV, TENNV, PHAI, NGAYSINH, DIACHI, SDT, LUONG, PHUCAP) VALUES
('NV225', N'Earnest Cummings', 0, '03/01/1953 00:00:00', N'Rex', '0781671117', '18619292', '500000');
INSERT INTO NHANVIEN(MANV, TENNV, PHAI, NGAYSINH, DIACHI, SDT, LUONG, PHUCAP) VALUES
('NV226', N'Cira Ralston', 1, '11/15/1997 00:00:00', N'Seal Harbor', '0376904019', '11508450', '1024797');
INSERT INTO NHANVIEN(MANV, TENNV, PHAI, NGAYSINH, DIACHI, SDT, LUONG, PHUCAP) VALUES
('NV227', N'Dorinda Altman', 1, '02/27/1966 00:00:00', N'Ocoee', '0498551553', '10706928', NULL);
INSERT INTO NHANVIEN(MANV, TENNV, PHAI, NGAYSINH, DIACHI, SDT, LUONG, PHUCAP) VALUES
('NV228', N'Rueben Calvert', 0, '05/15/2001 00:00:00', N'Alturas', '0344279148', '12711230', '1071869');
INSERT INTO NHANVIEN(MANV, TENNV, PHAI, NGAYSINH, DIACHI, SDT, LUONG, PHUCAP) VALUES
('NV229', N'Devon Dunn', 0, '07/24/1953 00:00:00', N'Bussey', '0010402927', '17221931', NULL);
INSERT INTO NHANVIEN(MANV, TENNV, PHAI, NGAYSINH, DIACHI, SDT, LUONG, PHUCAP) VALUES
('NV230', N'Kristofer Acosta', 0, '12/06/1959 00:00:00', N'Rexburg', '0160543182', '14218155', '1848480');
INSERT INTO NHANVIEN(MANV, TENNV, PHAI, NGAYSINH, DIACHI, SDT, LUONG, PHUCAP) VALUES
('NV231', N'Suzette Rollins', 0, '11/29/1989 00:00:00', N'Lone Wolf', '0190445055', '9395042', '1657833');
INSERT INTO NHANVIEN(MANV, TENNV, PHAI, NGAYSINH, DIACHI, SDT, LUONG, PHUCAP) VALUES
('NV232', N'Todd Anaya', 1, '11/25/1964 00:00:00', N'Glen Gardner', '0220819930', '11330367', NULL);
INSERT INTO NHANVIEN(MANV, TENNV, PHAI, NGAYSINH, DIACHI, SDT, LUONG, PHUCAP) VALUES
('NV233', N'Bee Charlton', 0, '11/06/1954 00:00:00', N'Altus', '0953727523', '20000000', '1725950');
INSERT INTO NHANVIEN(MANV, TENNV, PHAI, NGAYSINH, DIACHI, SDT, LUONG, PHUCAP) VALUES
('NV234', N'Boyce Irvin', 0, '12/03/1963 00:00:00', N'Horseshoe Bend', '0847905949', '12626411', '1686008');
INSERT INTO NHANVIEN(MANV, TENNV, PHAI, NGAYSINH, DIACHI, SDT, LUONG, PHUCAP) VALUES
('NV235', N'Franklin Longoria', 0, '04/11/1998 00:00:00', N'Butler', '0977237082', '7113014', '718622');
INSERT INTO NHANVIEN(MANV, TENNV, PHAI, NGAYSINH, DIACHI, SDT, LUONG, PHUCAP) VALUES
('NV236', N'Laverne Goldstein', 1, '10/12/1999 00:00:00', N'Lonedell', '0382039674', '9482043', '1060063');
INSERT INTO NHANVIEN(MANV, TENNV, PHAI, NGAYSINH, DIACHI, SDT, LUONG, PHUCAP) VALUES
('NV237', N'Johnson Roderick', 0, '02/20/1991 00:00:00', N'Horsham', '0914667660', '17060517', NULL);
INSERT INTO NHANVIEN(MANV, TENNV, PHAI, NGAYSINH, DIACHI, SDT, LUONG, PHUCAP) VALUES
('NV238', N'Shanel Mcculloch', 1, '11/01/1996 00:00:00', N'Traver', '0276140158', '14338434', '1818238');
INSERT INTO NHANVIEN(MANV, TENNV, PHAI, NGAYSINH, DIACHI, SDT, LUONG, PHUCAP) VALUES
('NV239', N'Francine Harwood', 0, '03/23/1958 00:00:00', N'Seal Rock', '0831617703', '18446648', '1262728');
INSERT INTO NHANVIEN(MANV, TENNV, PHAI, NGAYSINH, DIACHI, SDT, LUONG, PHUCAP) VALUES
('NV240', N'Karey Will', 0, '09/17/1977 00:00:00', N'Oconee', '0808206559', '8616545', '1700513');
INSERT INTO NHANVIEN(MANV, TENNV, PHAI, NGAYSINH, DIACHI, SDT, LUONG, PHUCAP) VALUES
('NV241', N'Rossana Riddick', 0, '02/18/2000 00:00:00', N'Alva', '0525508002', '10109474', NULL);
INSERT INTO NHANVIEN(MANV, TENNV, PHAI, NGAYSINH, DIACHI, SDT, LUONG, PHUCAP) VALUES
('NV242', N'Meryl Dotson', 0, '02/11/1953 00:00:00', N'Drayton Plains', '0975440109', '7000000', '1427803');
INSERT INTO NHANVIEN(MANV, TENNV, PHAI, NGAYSINH, DIACHI, SDT, LUONG, PHUCAP) VALUES
('NV243', N'Clifton Lim', 0, '07/20/1955 00:00:00', N'Glen Haven', '0913252203', '17379790', '1029023');
INSERT INTO NHANVIEN(MANV, TENNV, PHAI, NGAYSINH, DIACHI, SDT, LUONG, PHUCAP) VALUES
('NV244', N'Velvet Castro', 0, '12/02/1979 00:00:00', N'Butlerville', '0345915827', '17357168', '500000');
INSERT INTO NHANVIEN(MANV, TENNV, PHAI, NGAYSINH, DIACHI, SDT, LUONG, PHUCAP) VALUES
('NV245', N'Rosy Halcomb', 0, '07/13/1986 00:00:00', N'Dresden', '0520984157', '11545031', '1201096');
INSERT INTO NHANVIEN(MANV, TENNV, PHAI, NGAYSINH, DIACHI, SDT, LUONG, PHUCAP) VALUES
('NV246', N'Shanae Earle', 1, '06/11/2000 00:00:00', N'Rexford', '0121366365', '8411270', NULL);
INSERT INTO NHANVIEN(MANV, TENNV, PHAI, NGAYSINH, DIACHI, SDT, LUONG, PHUCAP) VALUES
('NV247', N'Celestina Beasley', 0, '09/12/1993 00:00:00', N'Long Beach', '0923407173', '10910092', NULL);
INSERT INTO NHANVIEN(MANV, TENNV, PHAI, NGAYSINH, DIACHI, SDT, LUONG, PHUCAP) VALUES
('NV248', N'Jodie Emmons', 1, '01/13/1953 00:00:00', N'Horton', '0694170591', '11789877', '1958968');
INSERT INTO NHANVIEN(MANV, TENNV, PHAI, NGAYSINH, DIACHI, SDT, LUONG, PHUCAP) VALUES
('NV249', N'Madlyn Truitt', 1, '08/24/1957 00:00:00', N'Alvarado', '0981535356', '10856515', '632752');
INSERT INTO NHANVIEN(MANV, TENNV, PHAI, NGAYSINH, DIACHI, SDT, LUONG, PHUCAP) VALUES
('NV250', N'Phil King', 0, '07/06/1967 00:00:00', N'Peosta', '0789362114', '9465135', '1774026');
INSERT INTO NHANVIEN(MANV, TENNV, PHAI, NGAYSINH, DIACHI, SDT, LUONG, PHUCAP) VALUES
('NV251', N'Genevive Bedard', 1, '11/14/1963 00:00:00', N'Jupiter', '0800164660', '10649077', '1041960');
INSERT INTO NHANVIEN(MANV, TENNV, PHAI, NGAYSINH, DIACHI, SDT, LUONG, PHUCAP) VALUES
('NV252', N'Milton Dalton', 0, '03/09/1988 00:00:00', N'Zuni', '0196576404', '19999999', '1186347');
INSERT INTO NHANVIEN(MANV, TENNV, PHAI, NGAYSINH, DIACHI, SDT, LUONG, PHUCAP) VALUES
('NV253', N'Cristopher Waldrop', 0, '07/28/1993 00:00:00', N'Blandford', '0854835959', '9079894', '1046507');
INSERT INTO NHANVIEN(MANV, TENNV, PHAI, NGAYSINH, DIACHI, SDT, LUONG, PHUCAP) VALUES
('NV254', N'Laveta Duran', 0, '05/25/1961 00:00:00', N'Satellite Beach', '0257386925', '14248818', NULL);
INSERT INTO NHANVIEN(MANV, TENNV, PHAI, NGAYSINH, DIACHI, SDT, LUONG, PHUCAP) VALUES
('NV255', N'Dodie Barone', 1, '12/22/1954 00:00:00', N'Peotone', '0425439599', '19847799', '739008');
INSERT INTO NHANVIEN(MANV, TENNV, PHAI, NGAYSINH, DIACHI, SDT, LUONG, PHUCAP) VALUES
('NV256', N'Magdalen Limon', 1, '07/21/1984 00:00:00', N'Sedro Woolley', '0200076163', '12837805', '545212');
INSERT INTO NHANVIEN(MANV, TENNV, PHAI, NGAYSINH, DIACHI, SDT, LUONG, PHUCAP) VALUES
('NV257', N'Tamica Camp', 0, '01/01/1971 00:00:00', N'Satsop', '0829498146', '16673821', '1131910');
INSERT INTO NHANVIEN(MANV, TENNV, PHAI, NGAYSINH, DIACHI, SDT, LUONG, PHUCAP) VALUES
('NV258', N'Edward Bonner', 0, '05/10/1971 00:00:00', N'Marquette', '0668816649', '9363280', '1144296');
INSERT INTO NHANVIEN(MANV, TENNV, PHAI, NGAYSINH, DIACHI, SDT, LUONG, PHUCAP) VALUES
('NV259', N'Romana Thacker', 1, '02/08/1953 00:00:00', N'Evensville', '0994522184', '19999999', '1999999');
INSERT INTO NHANVIEN(MANV, TENNV, PHAI, NGAYSINH, DIACHI, SDT, LUONG, PHUCAP) VALUES
('NV260', N'Shelby Jacques', 1, '12/12/1967 00:00:00', N'Pablo', '0985905388', '8297758', NULL);
INSERT INTO NHANVIEN(MANV, TENNV, PHAI, NGAYSINH, DIACHI, SDT, LUONG, PHUCAP) VALUES
('NV261', N'Anisa Burch', 1, '12/27/1990 00:00:00', N'Belford', '0245499586', '19999999', '1846857');
INSERT INTO NHANVIEN(MANV, TENNV, PHAI, NGAYSINH, DIACHI, SDT, LUONG, PHUCAP) VALUES
('NV262', N'Letitia Silvers', 1, '02/19/1978 00:00:00', N'Spiceland', '0457439744', '13114326', '590401');
INSERT INTO NHANVIEN(MANV, TENNV, PHAI, NGAYSINH, DIACHI, SDT, LUONG, PHUCAP) VALUES
('NV263', N'Saturnina Hildreth', 1, '01/04/1953 00:00:00', N'Roswell', '0250319361', '17235576', '1636085');
INSERT INTO NHANVIEN(MANV, TENNV, PHAI, NGAYSINH, DIACHI, SDT, LUONG, PHUCAP) VALUES
('NV264', N'Myesha Gaskins', 0, '11/14/1984 00:00:00', N'Lost Nation', '0503734123', '14211602', '1987504');
INSERT INTO NHANVIEN(MANV, TENNV, PHAI, NGAYSINH, DIACHI, SDT, LUONG, PHUCAP) VALUES
('NV265', N'Julian Keyes', 0, '09/17/2001 00:00:00', N'Zuni', '0478678864', '19010435', NULL);
INSERT INTO NHANVIEN(MANV, TENNV, PHAI, NGAYSINH, DIACHI, SDT, LUONG, PHUCAP) VALUES
('NV266', N'Cleveland Gist', 1, '01/26/1953 00:00:00', N'Childersburg', '0656193903', '19999999', '1901135');
INSERT INTO NHANVIEN(MANV, TENNV, PHAI, NGAYSINH, DIACHI, SDT, LUONG, PHUCAP) VALUES
('NV267', N'Columbus Neal', 1, '01/25/1968 00:00:00', N'Belgium', '0937575754', '8889773', '1128601');
INSERT INTO NHANVIEN(MANV, TENNV, PHAI, NGAYSINH, DIACHI, SDT, LUONG, PHUCAP) VALUES
('NV268', N'Alphonse Lucas', 1, '08/19/1982 00:00:00', N'Forrest City', '0426883108', '9339335', '1999999');
INSERT INTO NHANVIEN(MANV, TENNV, PHAI, NGAYSINH, DIACHI, SDT, LUONG, PHUCAP) VALUES
('NV269', N'Evan Bowling', 0, '11/20/1974 00:00:00', N'Pacific', '0376701596', '16784042', '1080516');
INSERT INTO NHANVIEN(MANV, TENNV, PHAI, NGAYSINH, DIACHI, SDT, LUONG, PHUCAP) VALUES
('NV270', N'Ernesto Higdon', 1, '08/02/1978 00:00:00', N'Wylie', '0863782581', '7166145', '781684');
INSERT INTO NHANVIEN(MANV, TENNV, PHAI, NGAYSINH, DIACHI, SDT, LUONG, PHUCAP) VALUES
('NV271', N'Matt Stephen', 1, '08/25/1979 00:00:00', N'Redwood Estates', '0715527938', '19999999', '1869091');
INSERT INTO NHANVIEN(MANV, TENNV, PHAI, NGAYSINH, DIACHI, SDT, LUONG, PHUCAP) VALUES
('NV272', N'Milford Mullis', 0, '12/05/1987 00:00:00', N'Oak Island', '0226940823', '14921427', '778144');
INSERT INTO NHANVIEN(MANV, TENNV, PHAI, NGAYSINH, DIACHI, SDT, LUONG, PHUCAP) VALUES
('NV273', N'Loreta Harms', 1, '01/24/1984 00:00:00', N'Keaau', '0554113539', '16856414', NULL);
INSERT INTO NHANVIEN(MANV, TENNV, PHAI, NGAYSINH, DIACHI, SDT, LUONG, PHUCAP) VALUES
('NV274', N'Terry Briscoe', 1, '05/05/2002 00:00:00', N'Hogansburg', '0466907351', '13620961', NULL);
INSERT INTO NHANVIEN(MANV, TENNV, PHAI, NGAYSINH, DIACHI, SDT, LUONG, PHUCAP) VALUES
('NV275', N'Delois Raney', 1, '01/29/1981 00:00:00', N'Tillery', '0419908227', '19970975', '868045');
INSERT INTO NHANVIEN(MANV, TENNV, PHAI, NGAYSINH, DIACHI, SDT, LUONG, PHUCAP) VALUES
('NV276', N'Arthur Howland', 1, '01/06/1953 00:00:00', N'Fletcher', '0561224853', '13924877', '1618838');
INSERT INTO NHANVIEN(MANV, TENNV, PHAI, NGAYSINH, DIACHI, SDT, LUONG, PHUCAP) VALUES
('NV277', N'Jackson Osgood', 1, '07/26/1956 00:00:00', N'Wymore', '0444654508', '18140225', '199999');
INSERT INTO NHANVIEN(MANV, TENNV, PHAI, NGAYSINH, DIACHI, SDT, LUONG, PHUCAP) VALUES
('NV278', N'Alix Chong', 0, '10/07/1994 00:00:00', N'Zuni', '0184515654', '16293297', '829829');
INSERT INTO NHANVIEN(MANV, TENNV, PHAI, NGAYSINH, DIACHI, SDT, LUONG, PHUCAP) VALUES
('NV279', N'Ben Ayres', 1, '12/20/1984 00:00:00', N'Clark', '0455573725', '10981301', '1735576');
INSERT INTO NHANVIEN(MANV, TENNV, PHAI, NGAYSINH, DIACHI, SDT, LUONG, PHUCAP) VALUES
('NV280', N'Adolfo Hanlon', 0, '01/26/1953 00:00:00', N'Rufus', '0169325665', '16937439', '1453500');
INSERT INTO NHANVIEN(MANV, TENNV, PHAI, NGAYSINH, DIACHI, SDT, LUONG, PHUCAP) VALUES
('NV281', N'Nestor Verdin', 1, '03/22/1961 00:00:00', N'Palisades', '0151852855', '8072631', NULL);
INSERT INTO NHANVIEN(MANV, TENNV, PHAI, NGAYSINH, DIACHI, SDT, LUONG, PHUCAP) VALUES
('NV282', N'Miles Duffy', 0, '10/14/1968 00:00:00', N'Westport', '0588814253', '18492575', NULL);
INSERT INTO NHANVIEN(MANV, TENNV, PHAI, NGAYSINH, DIACHI, SDT, LUONG, PHUCAP) VALUES
('NV283', N'Mary Stone', 1, '03/03/1974 00:00:00', N'Conyngham', '0940787930', '8263222', '678386');
INSERT INTO NHANVIEN(MANV, TENNV, PHAI, NGAYSINH, DIACHI, SDT, LUONG, PHUCAP) VALUES
('NV284', N'Azucena Colburn', 0, '12/26/1956 00:00:00', N'Zuni', '0712354449', '16440550', '1609062');
INSERT INTO NHANVIEN(MANV, TENNV, PHAI, NGAYSINH, DIACHI, SDT, LUONG, PHUCAP) VALUES
('NV285', N'Kurtis Conroy', 1, '06/07/1970 00:00:00', N'Jamaica', '0462158582', '10073983', '1708278');
INSERT INTO NHANVIEN(MANV, TENNV, PHAI, NGAYSINH, DIACHI, SDT, LUONG, PHUCAP) VALUES
('NV286', N'Tisha Drew', 0, '07/12/1996 00:00:00', N'East Kingston', '0917252793', '18411886', '1729528');
INSERT INTO NHANVIEN(MANV, TENNV, PHAI, NGAYSINH, DIACHI, SDT, LUONG, PHUCAP) VALUES
('NV287', N'Hilton Crabtree', 1, '02/03/1977 00:00:00', N'Bonita Springs', '0542631125', '8350686', '1643261');
INSERT INTO NHANVIEN(MANV, TENNV, PHAI, NGAYSINH, DIACHI, SDT, LUONG, PHUCAP) VALUES
('NV288', N'Kylee Minnick', 0, '11/18/1965 00:00:00', N'Manitou Springs', '0853582113', '19999999', '830425');
INSERT INTO NHANVIEN(MANV, TENNV, PHAI, NGAYSINH, DIACHI, SDT, LUONG, PHUCAP) VALUES
('NV289', N'Patsy Darling', 1, '02/10/1954 00:00:00', N'Cook', '0847662126', '19139398', '1872862');
INSERT INTO NHANVIEN(MANV, TENNV, PHAI, NGAYSINH, DIACHI, SDT, LUONG, PHUCAP) VALUES
('NV290', N'Tanner Gillis', 0, '07/26/1995 00:00:00', N'Defiance', '0048102968', '17100854', '199999');
INSERT INTO NHANVIEN(MANV, TENNV, PHAI, NGAYSINH, DIACHI, SDT, LUONG, PHUCAP) VALUES
('NV291', N'Maryam Ordonez', 0, '09/09/1990 00:00:00', N'Ft Walton Beach', '0621989317', '15844526', '1309581');
INSERT INTO NHANVIEN(MANV, TENNV, PHAI, NGAYSINH, DIACHI, SDT, LUONG, PHUCAP) VALUES
('NV292', N'Eboni Blackburn', 1, '07/25/1988 00:00:00', N'Southwick', '0357325232', '19006297', '1973923');
INSERT INTO NHANVIEN(MANV, TENNV, PHAI, NGAYSINH, DIACHI, SDT, LUONG, PHUCAP) VALUES
('NV293', N'Jean Solomon', 1, '01/20/1967 00:00:00', N'Mecca', '0144582019', '10467508', '600266');
INSERT INTO NHANVIEN(MANV, TENNV, PHAI, NGAYSINH, DIACHI, SDT, LUONG, PHUCAP) VALUES
('NV294', N'Erline Weeks', 1, '11/30/1975 00:00:00', N'Bristol', '0676527676', '15086254', '672226');
INSERT INTO NHANVIEN(MANV, TENNV, PHAI, NGAYSINH, DIACHI, SDT, LUONG, PHUCAP) VALUES
('NV295', N'Darla Hutson', 1, '04/03/1995 00:00:00', N'Cripple Creek', '0493488046', '19051190', '1396112');
INSERT INTO NHANVIEN(MANV, TENNV, PHAI, NGAYSINH, DIACHI, SDT, LUONG, PHUCAP) VALUES
('NV296', N'Juliette Giles', 1, '01/02/1966 00:00:00', N'Defuniak Springs', '0812383553', '19999999', '592425');
INSERT INTO NHANVIEN(MANV, TENNV, PHAI, NGAYSINH, DIACHI, SDT, LUONG, PHUCAP) VALUES
('NV297', N'Nicky Deloach', 1, '08/13/1997 00:00:00', N'Kimberly', '0059711079', '17718248', '1353143');
INSERT INTO NHANVIEN(MANV, TENNV, PHAI, NGAYSINH, DIACHI, SDT, LUONG, PHUCAP) VALUES
('NV298', N'Napoleon Dollar', 1, '01/19/1960 00:00:00', N'Mechanic Falls', '0501214668', '19999999', NULL);
INSERT INTO NHANVIEN(MANV, TENNV, PHAI, NGAYSINH, DIACHI, SDT, LUONG, PHUCAP) VALUES
('NV299', N'Nubia Chapman', 0, '02/02/1953 00:00:00', N'Bristolville', '0026534365', '12329112', '888638');


INSERT INTO PHONGBAN VALUES('PB01','PHONG SAN XUAT',NULL);
INSERT INTO PHONGBAN VALUES('PB02','PHONG TAI CHINH',NULL);
INSERT INTO PHONGBAN VALUES('PB03','PHONG NHAN SU',NULL);
INSERT INTO PHONGBAN VALUES('PB04','PHONG IT',NULL);
INSERT INTO PHONGBAN VALUES('PB05','PHONG DAO TAO',NULL);
INSERT INTO PHONGBAN VALUES('PB06','PHONG HANH CHINH',NULL);
INSERT INTO PHONGBAN VALUES('PB07','PHONG CSKH',NULL);
INSERT INTO PHONGBAN VALUES('PB08','PHONG MARKETING',NULL);


INSERT INTO DEAN(MADA, TENDA, NGAYBD, PHONG) VALUES
('DA000', N'DE AN A', '03/09/2023 00:00:00', 'PB07');
INSERT INTO DEAN(MADA, TENDA, NGAYBD, PHONG) VALUES
('DA001', N'DE AN N', '02/18/2023 00:00:00', 'PB06');
INSERT INTO DEAN(MADA, TENDA, NGAYBD, PHONG) VALUES
('DA002', N'DE AN K', '09/06/2022 00:00:00', 'PB02');
INSERT INTO DEAN(MADA, TENDA, NGAYBD, PHONG) VALUES
('DA003', N'DE AN D', '07/28/2022 00:00:00', 'PB08');
INSERT INTO DEAN(MADA, TENDA, NGAYBD, PHONG) VALUES
('DA004', N'DE AN M', '12/10/2022 00:00:00', 'PB05');
INSERT INTO DEAN(MADA, TENDA, NGAYBD, PHONG) VALUES
('DA005', N'DE AN O', '05/17/2022 00:00:00', 'PB07');
INSERT INTO DEAN(MADA, TENDA, NGAYBD, PHONG) VALUES
('DA006', N'DE AN X', '05/10/2022 00:00:00', 'PB01');
INSERT INTO DEAN(MADA, TENDA, NGAYBD, PHONG) VALUES
('DA007', N'DE AN F', '07/17/2022 00:00:00', 'PB02');
INSERT INTO DEAN(MADA, TENDA, NGAYBD, PHONG) VALUES
('DA008', N'DE AN R', '03/05/2022 00:00:00', 'PB02');
INSERT INTO DEAN(MADA, TENDA, NGAYBD, PHONG) VALUES
('DA009', N'DE AN G', '03/30/2023 00:00:00', 'PB08');
INSERT INTO DEAN(MADA, TENDA, NGAYBD, PHONG) VALUES
('DA010', N'DE AN Y', '04/23/2022 00:00:00', 'PB01');
INSERT INTO DEAN(MADA, TENDA, NGAYBD, PHONG) VALUES
('DA011', N'DE AN J', '01/05/2022 00:00:00', 'PB02');
INSERT INTO DEAN(MADA, TENDA, NGAYBD, PHONG) VALUES
('DA012', N'DE AN L', '08/28/2022 00:00:00', 'PB07');
INSERT INTO DEAN(MADA, TENDA, NGAYBD, PHONG) VALUES
('DA013', N'DE AN P', '01/01/2022 00:00:00', 'PB04');
INSERT INTO DEAN(MADA, TENDA, NGAYBD, PHONG) VALUES
('DA014', N'DE AN E', '10/28/2022 00:00:00', 'PB08');
INSERT INTO DEAN(MADA, TENDA, NGAYBD, PHONG) VALUES
('DA015', N'DE AN Q', '01/15/2023 00:00:00', 'PB01');
INSERT INTO DEAN(MADA, TENDA, NGAYBD, PHONG) VALUES
('DA016', N'DE AN T', '08/22/2022 00:00:00', 'PB06');
INSERT INTO DEAN(MADA, TENDA, NGAYBD, PHONG) VALUES
('DA017', N'DE AN B', '09/15/2022 00:00:00', 'PB08');
INSERT INTO DEAN(MADA, TENDA, NGAYBD, PHONG) VALUES
('DA018', N'DE AN V', '03/24/2023 00:00:00', 'PB06');
INSERT INTO DEAN(MADA, TENDA, NGAYBD, PHONG) VALUES
('DA019', N'DE AN S', '01/09/2022 00:00:00', 'PB08');
INSERT INTO DEAN(MADA, TENDA, NGAYBD, PHONG) VALUES
('DA020', N'DE AN I', '05/30/2022 00:00:00', 'PB08');
INSERT INTO DEAN(MADA, TENDA, NGAYBD, PHONG) VALUES
('DA021', N'DE AN U', '09/16/2022 00:00:00', 'PB05');
INSERT INTO DEAN(MADA, TENDA, NGAYBD, PHONG) VALUES
('DA022', N'DE AN W', '03/18/2023 00:00:00', 'PB07');
INSERT INTO DEAN(MADA, TENDA, NGAYBD, PHONG) VALUES
('DA023', N'DE AN H', '07/10/2022 00:00:00', 'PB06');
INSERT INTO DEAN(MADA, TENDA, NGAYBD, PHONG) VALUES
('DA024', N'DE AN Z', '08/18/2022 00:00:00', 'PB08');

INSERT INTO PHANCONG VALUES('DA000','NV257','04/09/2023');
INSERT INTO PHANCONG VALUES('DA000','NV258','04/09/2023');
INSERT INTO PHANCONG VALUES('DA000','NV259','04/09/2023');
INSERT INTO PHANCONG VALUES('DA000','NV260','04/09/2023');
INSERT INTO PHANCONG VALUES('DA000','NV261','04/09/2023');
INSERT INTO PHANCONG VALUES('DA000','NV262','04/09/2023');
INSERT INTO PHANCONG VALUES('DA000','NV263','04/09/2023');
INSERT INTO PHANCONG VALUES('DA000','NV264','04/09/2023');
INSERT INTO PHANCONG VALUES('DA000','NV265','04/09/2023');
INSERT INTO PHANCONG VALUES('DA000','NV266','04/09/2023');
INSERT INTO PHANCONG VALUES('DA000','NV267','04/09/2023');


INSERT INTO PHANCONG VALUES('DA001','NV121','02/20/2023');
INSERT INTO PHANCONG VALUES('DA001','NV122','02/20/2023');
INSERT INTO PHANCONG VALUES('DA001','NV123','02/20/2023');
INSERT INTO PHANCONG VALUES('DA001','NV124','02/20/2023');
INSERT INTO PHANCONG VALUES('DA001','NV125','02/20/2023');
INSERT INTO PHANCONG VALUES('DA001','NV126','02/20/2023');
INSERT INTO PHANCONG VALUES('DA001','NV127','02/20/2023');
INSERT INTO PHANCONG VALUES('DA001','NV128','02/20/2023');
INSERT INTO PHANCONG VALUES('DA001','NV129','02/20/2023');
INSERT INTO PHANCONG VALUES('DA001','NV130','02/20/2023');
INSERT INTO PHANCONG VALUES('DA001','NV131','02/20/2023');

INSERT INTO PHANCONG VALUES('DA002','NV025','09/10/2023');
INSERT INTO PHANCONG VALUES('DA002','NV026','09/10/2023');
INSERT INTO PHANCONG VALUES('DA002','NV027','09/10/2023');
INSERT INTO PHANCONG VALUES('DA002','NV028','09/10/2023');
INSERT INTO PHANCONG VALUES('DA002','NV029','09/10/2023');
INSERT INTO PHANCONG VALUES('DA002','NV061','09/10/2023');
INSERT INTO PHANCONG VALUES('DA002','NV062','09/10/2023');
INSERT INTO PHANCONG VALUES('DA002','NV063','09/10/2023');
INSERT INTO PHANCONG VALUES('DA002','NV064','09/10/2023');
INSERT INTO PHANCONG VALUES('DA002','NV065','09/10/2023');
INSERT INTO PHANCONG VALUES('DA002','NV066','09/10/2023');


UPDATE NHANVIEN SET VAITRO = 'BGD' WHERE MANV = 'NV000';
UPDATE NHANVIEN SET VAITRO = 'BGD' WHERE MANV = 'NV001';
UPDATE NHANVIEN SET VAITRO = 'BGD' WHERE MANV = 'NV002';
UPDATE NHANVIEN SET VAITRO = 'BGD' WHERE MANV = 'NV003';
UPDATE NHANVIEN SET VAITRO = 'BGD' WHERE MANV = 'NV004';


UPDATE NHANVIEN SET VAITRO = 'QL',PHG = 'PB02' WHERE MANV = 'NV005';
UPDATE NHANVIEN SET VAITRO = 'QL',PHG = 'PB03' WHERE MANV = 'NV006';
UPDATE NHANVIEN SET VAITRO = 'QL',PHG = 'PB01' WHERE MANV = 'NV007';
UPDATE NHANVIEN SET VAITRO = 'QL',PHG = 'PB04'  WHERE MANV = 'NV008';
UPDATE NHANVIEN SET VAITRO = 'QL',PHG = 'PB05'  WHERE MANV = 'NV009';
UPDATE NHANVIEN SET VAITRO = 'QL',PHG = 'PB06'  WHERE MANV = 'NV010';
UPDATE NHANVIEN SET VAITRO = 'QL',PHG = 'PB07'  WHERE MANV = 'NV011';
UPDATE NHANVIEN SET VAITRO = 'QL',PHG = 'PB08'  WHERE MANV = 'NV012';
UPDATE NHANVIEN SET VAITRO = 'QL',PHG = 'PB01'  WHERE MANV = 'NV013';
UPDATE NHANVIEN SET VAITRO = 'QL',PHG = 'PB02'  WHERE MANV = 'NV014';
UPDATE NHANVIEN SET VAITRO = 'QL',PHG = 'PB03'  WHERE MANV = 'NV015';
UPDATE NHANVIEN SET VAITRO = 'QL',PHG = 'PB04' WHERE MANV = 'NV016';
UPDATE NHANVIEN SET VAITRO = 'QL',PHG = 'PB05' WHERE MANV = 'NV017';
UPDATE NHANVIEN SET VAITRO = 'QL',PHG = 'PB06' WHERE MANV = 'NV018';
UPDATE NHANVIEN SET VAITRO = 'QL',PHG = 'PB07' WHERE MANV = 'NV019';
UPDATE NHANVIEN SET VAITRO = 'QL',PHG = 'PB08' WHERE MANV = 'NV020';
UPDATE NHANVIEN SET VAITRO = 'QL',PHG = 'PB01' WHERE MANV = 'NV021';
UPDATE NHANVIEN SET VAITRO = 'QL',PHG = 'PB02' WHERE MANV = 'NV022';
UPDATE NHANVIEN SET VAITRO = 'QL',PHG = 'PB03' WHERE MANV = 'NV023';
UPDATE NHANVIEN SET VAITRO = 'QL',PHG = 'PB04' WHERE MANV = 'NV024';


UPDATE NHANVIEN SET VAITRO = 'TC' WHERE MANV = 'NV025';
UPDATE NHANVIEN SET VAITRO = 'TC' WHERE MANV = 'NV026';
UPDATE NHANVIEN SET VAITRO = 'TC' WHERE MANV = 'NV027';
UPDATE NHANVIEN SET VAITRO = 'TC' WHERE MANV = 'NV028';
UPDATE NHANVIEN SET VAITRO = 'TC' WHERE MANV = 'NV029';

UPDATE NHANVIEN SET VAITRO = 'NS' WHERE MANV = 'NV030';
UPDATE NHANVIEN SET VAITRO = 'NS' WHERE MANV = 'NV031';
UPDATE NHANVIEN SET VAITRO = 'NS' WHERE MANV = 'NV032';
UPDATE NHANVIEN SET VAITRO = 'NS' WHERE MANV = 'NV033';
UPDATE NHANVIEN SET VAITRO = 'NS' WHERE MANV = 'NV034';


UPDATE NHANVIEN SET VAITRO = 'TDA' WHERE MANV = 'NV035';
UPDATE NHANVIEN SET VAITRO = 'TDA' WHERE MANV = 'NV036';
UPDATE NHANVIEN SET VAITRO = 'TDA' WHERE MANV = 'NV037';



UPDATE NHANVIEN SET VAITRO = 'TP',PHG = 'PB01' WHERE MANV = 'NV038';
UPDATE NHANVIEN SET VAITRO = 'TP',PHG = 'PB02' WHERE MANV = 'NV039';
UPDATE NHANVIEN SET VAITRO = 'TP',PHG = 'PB03' WHERE MANV = 'NV040';
UPDATE NHANVIEN SET VAITRO = 'TP',PHG = 'PB04' WHERE MANV = 'NV041';
UPDATE NHANVIEN SET VAITRO = 'TP',PHG = 'PB05' WHERE MANV = 'NV042';
UPDATE NHANVIEN SET VAITRO = 'TP',PHG = 'PB06' WHERE MANV = 'NV043';
UPDATE NHANVIEN SET VAITRO = 'TP',PHG = 'PB07' WHERE MANV = 'NV044';
UPDATE NHANVIEN SET VAITRO = 'TP',PHG = 'PB08' WHERE MANV = 'NV045';

UPDATE PHONGBAN SET TRPHG = 'NV038' WHERE MAPB = 'PB01';
UPDATE PHONGBAN SET TRPHG = 'NV039' WHERE MAPB = 'PB02';
UPDATE PHONGBAN SET TRPHG = 'NV040' WHERE MAPB = 'PB03';
UPDATE PHONGBAN SET TRPHG = 'NV041' WHERE MAPB = 'PB04';
UPDATE PHONGBAN SET TRPHG = 'NV042' WHERE MAPB = 'PB05';
UPDATE PHONGBAN SET TRPHG = 'NV043' WHERE MAPB = 'PB06';
UPDATE PHONGBAN SET TRPHG = 'NV044' WHERE MAPB = 'PB07';
UPDATE PHONGBAN SET TRPHG = 'NV045' WHERE MAPB = 'PB08';

UPDATE NHANVIEN SET MANQL = 'NV010',PHG = 'PB06' WHERE MANV = 'NV046';
UPDATE NHANVIEN SET MANQL = 'NV010',PHG = 'PB06' WHERE MANV = 'NV047';
UPDATE NHANVIEN SET MANQL = 'NV010',PHG = 'PB06' WHERE MANV = 'NV048';
UPDATE NHANVIEN SET MANQL = 'NV010',PHG = 'PB06' WHERE MANV = 'NV049';
UPDATE NHANVIEN SET MANQL = 'NV010',PHG = 'PB06' WHERE MANV = 'NV050';
UPDATE NHANVIEN SET MANQL = 'NV010',PHG = 'PB06' WHERE MANV = 'NV051';
UPDATE NHANVIEN SET MANQL = 'NV010',PHG = 'PB06' WHERE MANV = 'NV052';
UPDATE NHANVIEN SET MANQL = 'NV010',PHG = 'PB06' WHERE MANV = 'NV053';
UPDATE NHANVIEN SET MANQL = 'NV010',PHG = 'PB06' WHERE MANV = 'NV054';
UPDATE NHANVIEN SET MANQL = 'NV010',PHG = 'PB06' WHERE MANV = 'NV055';
UPDATE NHANVIEN SET MANQL = 'NV010',PHG = 'PB06' WHERE MANV = 'NV056';
UPDATE NHANVIEN SET MANQL = 'NV010',PHG = 'PB06' WHERE MANV = 'NV057';
UPDATE NHANVIEN SET MANQL = 'NV010',PHG = 'PB06' WHERE MANV = 'NV058';
UPDATE NHANVIEN SET MANQL = 'NV010',PHG = 'PB06' WHERE MANV = 'NV059';
UPDATE NHANVIEN SET MANQL = 'NV010',PHG = 'PB06' WHERE MANV = 'NV060';


UPDATE NHANVIEN SET MANQL = 'NV005',PHG = 'PB02' WHERE MANV = 'NV025';
UPDATE NHANVIEN SET MANQL = 'NV005',PHG = 'PB02' WHERE MANV = 'NV026';
UPDATE NHANVIEN SET MANQL = 'NV005',PHG = 'PB02' WHERE MANV = 'NV027';
UPDATE NHANVIEN SET MANQL = 'NV005',PHG = 'PB02' WHERE MANV = 'NV028';
UPDATE NHANVIEN SET MANQL = 'NV005',PHG = 'PB02' WHERE MANV = 'NV029';
UPDATE NHANVIEN SET MANQL = 'NV005',PHG = 'PB02' WHERE MANV = 'NV061';
UPDATE NHANVIEN SET MANQL = 'NV005',PHG = 'PB02' WHERE MANV = 'NV062';
UPDATE NHANVIEN SET MANQL = 'NV005',PHG = 'PB02' WHERE MANV = 'NV063';
UPDATE NHANVIEN SET MANQL = 'NV005',PHG = 'PB02' WHERE MANV = 'NV064';
UPDATE NHANVIEN SET MANQL = 'NV005',PHG = 'PB02' WHERE MANV = 'NV065';
UPDATE NHANVIEN SET MANQL = 'NV005',PHG = 'PB02' WHERE MANV = 'NV066';
UPDATE NHANVIEN SET MANQL = 'NV005',PHG = 'PB02' WHERE MANV = 'NV067';
UPDATE NHANVIEN SET MANQL = 'NV005',PHG = 'PB02' WHERE MANV = 'NV068';
UPDATE NHANVIEN SET MANQL = 'NV005',PHG = 'PB02' WHERE MANV = 'NV069';
UPDATE NHANVIEN SET MANQL = 'NV005',PHG = 'PB02' WHERE MANV = 'NV070';



UPDATE NHANVIEN SET MANQL = 'NV006',PHG = 'PB03' WHERE MANV = 'NV030';
UPDATE NHANVIEN SET MANQL = 'NV006',PHG = 'PB03' WHERE MANV = 'NV031';
UPDATE NHANVIEN SET MANQL = 'NV006',PHG = 'PB03' WHERE MANV = 'NV032';
UPDATE NHANVIEN SET MANQL = 'NV006',PHG = 'PB03' WHERE MANV = 'NV033';
UPDATE NHANVIEN SET MANQL = 'NV006',PHG = 'PB03' WHERE MANV = 'NV034';
UPDATE NHANVIEN SET MANQL = 'NV006',PHG = 'PB03' WHERE MANV = 'NV071';
UPDATE NHANVIEN SET MANQL = 'NV006',PHG = 'PB03' WHERE MANV = 'NV072';
UPDATE NHANVIEN SET MANQL = 'NV006',PHG = 'PB03' WHERE MANV = 'NV073';
UPDATE NHANVIEN SET MANQL = 'NV006',PHG = 'PB03' WHERE MANV = 'NV074';
UPDATE NHANVIEN SET MANQL = 'NV006',PHG = 'PB03' WHERE MANV = 'NV075';
UPDATE NHANVIEN SET MANQL = 'NV006',PHG = 'PB03' WHERE MANV = 'NV076';
UPDATE NHANVIEN SET MANQL = 'NV006',PHG = 'PB03' WHERE MANV = 'NV077';
UPDATE NHANVIEN SET MANQL = 'NV006',PHG = 'PB03' WHERE MANV = 'NV078';
UPDATE NHANVIEN SET MANQL = 'NV006',PHG = 'PB03' WHERE MANV = 'NV079';
UPDATE NHANVIEN SET MANQL = 'NV006',PHG = 'PB03' WHERE MANV = 'NV080';


UPDATE NHANVIEN SET MANQL = 'NV007',PHG = 'PB01' WHERE MANV = 'NV081';
UPDATE NHANVIEN SET MANQL = 'NV007',PHG = 'PB01' WHERE MANV = 'NV082';
UPDATE NHANVIEN SET MANQL = 'NV007',PHG = 'PB01' WHERE MANV = 'NV083';
UPDATE NHANVIEN SET MANQL = 'NV007',PHG = 'PB01' WHERE MANV = 'NV084';
UPDATE NHANVIEN SET MANQL = 'NV007',PHG = 'PB01' WHERE MANV = 'NV085';
UPDATE NHANVIEN SET MANQL = 'NV007',PHG = 'PB01' WHERE MANV = 'NV086';
UPDATE NHANVIEN SET MANQL = 'NV007',PHG = 'PB01' WHERE MANV = 'NV087';
UPDATE NHANVIEN SET MANQL = 'NV007',PHG = 'PB01' WHERE MANV = 'NV088';
UPDATE NHANVIEN SET MANQL = 'NV007',PHG = 'PB01' WHERE MANV = 'NV089';
UPDATE NHANVIEN SET MANQL = 'NV007',PHG = 'PB01' WHERE MANV = 'NV090';
UPDATE NHANVIEN SET MANQL = 'NV007',PHG = 'PB01' WHERE MANV = 'NV091';
UPDATE NHANVIEN SET MANQL = 'NV007',PHG = 'PB01' WHERE MANV = 'NV092';
UPDATE NHANVIEN SET MANQL = 'NV007',PHG = 'PB01' WHERE MANV = 'NV093';

UPDATE NHANVIEN SET MANQL = 'NV008',PHG = 'PB04' WHERE MANV = 'NV094';
UPDATE NHANVIEN SET MANQL = 'NV008',PHG = 'PB04' WHERE MANV = 'NV095';
UPDATE NHANVIEN SET MANQL = 'NV008',PHG = 'PB04' WHERE MANV = 'NV096';
UPDATE NHANVIEN SET MANQL = 'NV008',PHG = 'PB04' WHERE MANV = 'NV097';
UPDATE NHANVIEN SET MANQL = 'NV008',PHG = 'PB04' WHERE MANV = 'NV098';
UPDATE NHANVIEN SET MANQL = 'NV008',PHG = 'PB04' WHERE MANV = 'NV099';
UPDATE NHANVIEN SET MANQL = 'NV008',PHG = 'PB04' WHERE MANV = 'NV100';
UPDATE NHANVIEN SET MANQL = 'NV008',PHG = 'PB04' WHERE MANV = 'NV101';
UPDATE NHANVIEN SET MANQL = 'NV008',PHG = 'PB04' WHERE MANV = 'NV102';
UPDATE NHANVIEN SET MANQL = 'NV008',PHG = 'PB04' WHERE MANV = 'NV103';
UPDATE NHANVIEN SET MANQL = 'NV008',PHG = 'PB04' WHERE MANV = 'NV104';
UPDATE NHANVIEN SET MANQL = 'NV008',PHG = 'PB04' WHERE MANV = 'NV105';
UPDATE NHANVIEN SET MANQL = 'NV008',PHG = 'PB04' WHERE MANV = 'NV106';

UPDATE NHANVIEN SET MANQL = 'NV009',PHG = 'PB05' WHERE MANV = 'NV107';
UPDATE NHANVIEN SET MANQL = 'NV009',PHG = 'PB05' WHERE MANV = 'NV108';
UPDATE NHANVIEN SET MANQL = 'NV009',PHG = 'PB05' WHERE MANV = 'NV109';
UPDATE NHANVIEN SET MANQL = 'NV009',PHG = 'PB05' WHERE MANV = 'NV110';
UPDATE NHANVIEN SET MANQL = 'NV009',PHG = 'PB05' WHERE MANV = 'NV111';
UPDATE NHANVIEN SET MANQL = 'NV009',PHG = 'PB05' WHERE MANV = 'NV112';
UPDATE NHANVIEN SET MANQL = 'NV009',PHG = 'PB05' WHERE MANV = 'NV113';
UPDATE NHANVIEN SET MANQL = 'NV009',PHG = 'PB05' WHERE MANV = 'NV114';
UPDATE NHANVIEN SET MANQL = 'NV009',PHG = 'PB05' WHERE MANV = 'NV115';
UPDATE NHANVIEN SET MANQL = 'NV009',PHG = 'PB05' WHERE MANV = 'NV116';
UPDATE NHANVIEN SET MANQL = 'NV009',PHG = 'PB05' WHERE MANV = 'NV117';
UPDATE NHANVIEN SET MANQL = 'NV009',PHG = 'PB05' WHERE MANV = 'NV118';
UPDATE NHANVIEN SET MANQL = 'NV009',PHG = 'PB05' WHERE MANV = 'NV119';

UPDATE NHANVIEN SET MANQL = 'NV010',PHG = 'PB06' WHERE MANV = 'NV121';
UPDATE NHANVIEN SET MANQL = 'NV010',PHG = 'PB06' WHERE MANV = 'NV122';
UPDATE NHANVIEN SET MANQL = 'NV010',PHG = 'PB06' WHERE MANV = 'NV123';
UPDATE NHANVIEN SET MANQL = 'NV010',PHG = 'PB06' WHERE MANV = 'NV124';
UPDATE NHANVIEN SET MANQL = 'NV010',PHG = 'PB06' WHERE MANV = 'NV125';
UPDATE NHANVIEN SET MANQL = 'NV010',PHG = 'PB06' WHERE MANV = 'NV126';
UPDATE NHANVIEN SET MANQL = 'NV010',PHG = 'PB06' WHERE MANV = 'NV127';
UPDATE NHANVIEN SET MANQL = 'NV010',PHG = 'PB06' WHERE MANV = 'NV128';
UPDATE NHANVIEN SET MANQL = 'NV010',PHG = 'PB06' WHERE MANV = 'NV129';
UPDATE NHANVIEN SET MANQL = 'NV010',PHG = 'PB06' WHERE MANV = 'NV130';
UPDATE NHANVIEN SET MANQL = 'NV010',PHG = 'PB06' WHERE MANV = 'NV131';
UPDATE NHANVIEN SET MANQL = 'NV010',PHG = 'PB06' WHERE MANV = 'NV132';
UPDATE NHANVIEN SET MANQL = 'NV010',PHG = 'PB06' WHERE MANV = 'NV133';


UPDATE NHANVIEN SET MANQL = 'NV011',PHG = 'PB07' WHERE MANV = 'NV134';
UPDATE NHANVIEN SET MANQL = 'NV011',PHG = 'PB07' WHERE MANV = 'NV135';
UPDATE NHANVIEN SET MANQL = 'NV011',PHG = 'PB07' WHERE MANV = 'NV136';
UPDATE NHANVIEN SET MANQL = 'NV011',PHG = 'PB07' WHERE MANV = 'NV137';
UPDATE NHANVIEN SET MANQL = 'NV011',PHG = 'PB07' WHERE MANV = 'NV138';
UPDATE NHANVIEN SET MANQL = 'NV011',PHG = 'PB07' WHERE MANV = 'NV139';
UPDATE NHANVIEN SET MANQL = 'NV011',PHG = 'PB07' WHERE MANV = 'NV140';
UPDATE NHANVIEN SET MANQL = 'NV011',PHG = 'PB07' WHERE MANV = 'NV141';
UPDATE NHANVIEN SET MANQL = 'NV011',PHG = 'PB07' WHERE MANV = 'NV142';
UPDATE NHANVIEN SET MANQL = 'NV011',PHG = 'PB07' WHERE MANV = 'NV143';
UPDATE NHANVIEN SET MANQL = 'NV011',PHG = 'PB07' WHERE MANV = 'NV144';
UPDATE NHANVIEN SET MANQL = 'NV011',PHG = 'PB07' WHERE MANV = 'NV145';
UPDATE NHANVIEN SET MANQL = 'NV011',PHG = 'PB07' WHERE MANV = 'NV146';

UPDATE NHANVIEN SET MANQL = 'NV012',PHG = 'PB08' WHERE MANV = 'NV147';
UPDATE NHANVIEN SET MANQL = 'NV012',PHG = 'PB08' WHERE MANV = 'NV148';
UPDATE NHANVIEN SET MANQL = 'NV012',PHG = 'PB08' WHERE MANV = 'NV149';
UPDATE NHANVIEN SET MANQL = 'NV012',PHG = 'PB08' WHERE MANV = 'NV150';
UPDATE NHANVIEN SET MANQL = 'NV012',PHG = 'PB08' WHERE MANV = 'NV151';
UPDATE NHANVIEN SET MANQL = 'NV012',PHG = 'PB08' WHERE MANV = 'NV152';
UPDATE NHANVIEN SET MANQL = 'NV012',PHG = 'PB08' WHERE MANV = 'NV153';
UPDATE NHANVIEN SET MANQL = 'NV012',PHG = 'PB08' WHERE MANV = 'NV154';
UPDATE NHANVIEN SET MANQL = 'NV012',PHG = 'PB08' WHERE MANV = 'NV155';
UPDATE NHANVIEN SET MANQL = 'NV012',PHG = 'PB08' WHERE MANV = 'NV156';
UPDATE NHANVIEN SET MANQL = 'NV012',PHG = 'PB08' WHERE MANV = 'NV157';
UPDATE NHANVIEN SET MANQL = 'NV012',PHG = 'PB08' WHERE MANV = 'NV158';
UPDATE NHANVIEN SET MANQL = 'NV012',PHG = 'PB08' WHERE MANV = 'NV159';


UPDATE NHANVIEN SET MANQL = 'NV013',PHG = 'PB01' WHERE MANV = 'NV160';
UPDATE NHANVIEN SET MANQL = 'NV013',PHG = 'PB01' WHERE MANV = 'NV161';
UPDATE NHANVIEN SET MANQL = 'NV013',PHG = 'PB01' WHERE MANV = 'NV162';
UPDATE NHANVIEN SET MANQL = 'NV013',PHG = 'PB01' WHERE MANV = 'NV163';
UPDATE NHANVIEN SET MANQL = 'NV013',PHG = 'PB01' WHERE MANV = 'NV164';
UPDATE NHANVIEN SET MANQL = 'NV013',PHG = 'PB01' WHERE MANV = 'NV165';
UPDATE NHANVIEN SET MANQL = 'NV013',PHG = 'PB01' WHERE MANV = 'NV166';
UPDATE NHANVIEN SET MANQL = 'NV013',PHG = 'PB01' WHERE MANV = 'NV167';
UPDATE NHANVIEN SET MANQL = 'NV013',PHG = 'PB01' WHERE MANV = 'NV168';
UPDATE NHANVIEN SET MANQL = 'NV013',PHG = 'PB01' WHERE MANV = 'NV169';
UPDATE NHANVIEN SET MANQL = 'NV013',PHG = 'PB01' WHERE MANV = 'NV170';
UPDATE NHANVIEN SET MANQL = 'NV013',PHG = 'PB01' WHERE MANV = 'NV171';
UPDATE NHANVIEN SET MANQL = 'NV013',PHG = 'PB01' WHERE MANV = 'NV172';
UPDATE NHANVIEN SET MANQL = 'NV013',PHG = 'PB01' WHERE MANV = 'NV173';
UPDATE NHANVIEN SET MANQL = 'NV013',PHG = 'PB01' WHERE MANV = 'NV174';
UPDATE NHANVIEN SET MANQL = 'NV013',PHG = 'PB01' WHERE MANV = 'NV175';

UPDATE NHANVIEN SET MANQL = 'NV014',PHG = 'PB02' WHERE MANV = 'NV176';
UPDATE NHANVIEN SET MANQL = 'NV014',PHG = 'PB02' WHERE MANV = 'NV177';
UPDATE NHANVIEN SET MANQL = 'NV014',PHG = 'PB02' WHERE MANV = 'NV178';
UPDATE NHANVIEN SET MANQL = 'NV014',PHG = 'PB02' WHERE MANV = 'NV179';
UPDATE NHANVIEN SET MANQL = 'NV014',PHG = 'PB02' WHERE MANV = 'NV180';
UPDATE NHANVIEN SET MANQL = 'NV014',PHG = 'PB02' WHERE MANV = 'NV181';
UPDATE NHANVIEN SET MANQL = 'NV014',PHG = 'PB02' WHERE MANV = 'NV182';
UPDATE NHANVIEN SET MANQL = 'NV014',PHG = 'PB02' WHERE MANV = 'NV183';
UPDATE NHANVIEN SET MANQL = 'NV014',PHG = 'PB02' WHERE MANV = 'NV184';
UPDATE NHANVIEN SET MANQL = 'NV014',PHG = 'PB02' WHERE MANV = 'NV185';
UPDATE NHANVIEN SET MANQL = 'NV014',PHG = 'PB02' WHERE MANV = 'NV186';
UPDATE NHANVIEN SET MANQL = 'NV014',PHG = 'PB02' WHERE MANV = 'NV187';
UPDATE NHANVIEN SET MANQL = 'NV014',PHG = 'PB02' WHERE MANV = 'NV188';
UPDATE NHANVIEN SET MANQL = 'NV014',PHG = 'PB02' WHERE MANV = 'NV189';
UPDATE NHANVIEN SET MANQL = 'NV014',PHG = 'PB02' WHERE MANV = 'NV190';
UPDATE NHANVIEN SET MANQL = 'NV014',PHG = 'PB02' WHERE MANV = 'NV191';


UPDATE NHANVIEN SET MANQL = 'NV015',PHG = 'PB03' WHERE MANV = 'NV192';
UPDATE NHANVIEN SET MANQL = 'NV015',PHG = 'PB03' WHERE MANV = 'NV193';
UPDATE NHANVIEN SET MANQL = 'NV015',PHG = 'PB03' WHERE MANV = 'NV194';
UPDATE NHANVIEN SET MANQL = 'NV015',PHG = 'PB03' WHERE MANV = 'NV195';
UPDATE NHANVIEN SET MANQL = 'NV015',PHG = 'PB03' WHERE MANV = 'NV196';
UPDATE NHANVIEN SET MANQL = 'NV015',PHG = 'PB03' WHERE MANV = 'NV197';
UPDATE NHANVIEN SET MANQL = 'NV015',PHG = 'PB03' WHERE MANV = 'NV198';
UPDATE NHANVIEN SET MANQL = 'NV015',PHG = 'PB03' WHERE MANV = 'NV199';
UPDATE NHANVIEN SET MANQL = 'NV015',PHG = 'PB03' WHERE MANV = 'NV200';
UPDATE NHANVIEN SET MANQL = 'NV015',PHG = 'PB03' WHERE MANV = 'NV201';
UPDATE NHANVIEN SET MANQL = 'NV015',PHG = 'PB03' WHERE MANV = 'NV202';
UPDATE NHANVIEN SET MANQL = 'NV015',PHG = 'PB03' WHERE MANV = 'NV203';
UPDATE NHANVIEN SET MANQL = 'NV015',PHG = 'PB03' WHERE MANV = 'NV204';
UPDATE NHANVIEN SET MANQL = 'NV015',PHG = 'PB03' WHERE MANV = 'NV205';
UPDATE NHANVIEN SET MANQL = 'NV015',PHG = 'PB03' WHERE MANV = 'NV206';
UPDATE NHANVIEN SET MANQL = 'NV015',PHG = 'PB03' WHERE MANV = 'NV207';


UPDATE NHANVIEN SET MANQL = 'NV016',PHG = 'PB04' WHERE MANV = 'NV208';
UPDATE NHANVIEN SET MANQL = 'NV016',PHG = 'PB04' WHERE MANV = 'NV209';
UPDATE NHANVIEN SET MANQL = 'NV016',PHG = 'PB04' WHERE MANV = 'NV210';
UPDATE NHANVIEN SET MANQL = 'NV016',PHG = 'PB04' WHERE MANV = 'NV211';
UPDATE NHANVIEN SET MANQL = 'NV016',PHG = 'PB04' WHERE MANV = 'NV212';
UPDATE NHANVIEN SET MANQL = 'NV016',PHG = 'PB04' WHERE MANV = 'NV213';
UPDATE NHANVIEN SET MANQL = 'NV016',PHG = 'PB04' WHERE MANV = 'NV214';
UPDATE NHANVIEN SET MANQL = 'NV016',PHG = 'PB04' WHERE MANV = 'NV215';
UPDATE NHANVIEN SET MANQL = 'NV016',PHG = 'PB04' WHERE MANV = 'NV216';
UPDATE NHANVIEN SET MANQL = 'NV016',PHG = 'PB04' WHERE MANV = 'NV217';
UPDATE NHANVIEN SET MANQL = 'NV016',PHG = 'PB04' WHERE MANV = 'NV218';
UPDATE NHANVIEN SET MANQL = 'NV016',PHG = 'PB04' WHERE MANV = 'NV219';
UPDATE NHANVIEN SET MANQL = 'NV016',PHG = 'PB04' WHERE MANV = 'NV220';
UPDATE NHANVIEN SET MANQL = 'NV016',PHG = 'PB04' WHERE MANV = 'NV221';
UPDATE NHANVIEN SET MANQL = 'NV016',PHG = 'PB04' WHERE MANV = 'NV222';
UPDATE NHANVIEN SET MANQL = 'NV016',PHG = 'PB04' WHERE MANV = 'NV223';

UPDATE NHANVIEN SET MANQL = 'NV017',PHG = 'PB05' WHERE MANV = 'NV224';
UPDATE NHANVIEN SET MANQL = 'NV017',PHG = 'PB05' WHERE MANV = 'NV225';
UPDATE NHANVIEN SET MANQL = 'NV017',PHG = 'PB05' WHERE MANV = 'NV226';
UPDATE NHANVIEN SET MANQL = 'NV017',PHG = 'PB05' WHERE MANV = 'NV227';
UPDATE NHANVIEN SET MANQL = 'NV017',PHG = 'PB05' WHERE MANV = 'NV228';
UPDATE NHANVIEN SET MANQL = 'NV017',PHG = 'PB05' WHERE MANV = 'NV229';
UPDATE NHANVIEN SET MANQL = 'NV017',PHG = 'PB05' WHERE MANV = 'NV230';
UPDATE NHANVIEN SET MANQL = 'NV017',PHG = 'PB05' WHERE MANV = 'NV231';
UPDATE NHANVIEN SET MANQL = 'NV017',PHG = 'PB05' WHERE MANV = 'NV232';
UPDATE NHANVIEN SET MANQL = 'NV017',PHG = 'PB05' WHERE MANV = 'NV233';
UPDATE NHANVIEN SET MANQL = 'NV017',PHG = 'PB05' WHERE MANV = 'NV234';
UPDATE NHANVIEN SET MANQL = 'NV017',PHG = 'PB05' WHERE MANV = 'NV235';
UPDATE NHANVIEN SET MANQL = 'NV017',PHG = 'PB05' WHERE MANV = 'NV236';
UPDATE NHANVIEN SET MANQL = 'NV017',PHG = 'PB05' WHERE MANV = 'NV237';
UPDATE NHANVIEN SET MANQL = 'NV017',PHG = 'PB05' WHERE MANV = 'NV238';
UPDATE NHANVIEN SET MANQL = 'NV017',PHG = 'PB05' WHERE MANV = 'NV239';

UPDATE NHANVIEN SET MANQL = 'NV018',PHG = 'PB06' WHERE MANV = 'NV241';
UPDATE NHANVIEN SET MANQL = 'NV018',PHG = 'PB06' WHERE MANV = 'NV242';
UPDATE NHANVIEN SET MANQL = 'NV018',PHG = 'PB06' WHERE MANV = 'NV243';
UPDATE NHANVIEN SET MANQL = 'NV018',PHG = 'PB06' WHERE MANV = 'NV244';
UPDATE NHANVIEN SET MANQL = 'NV018',PHG = 'PB06' WHERE MANV = 'NV245';
UPDATE NHANVIEN SET MANQL = 'NV018',PHG = 'PB06' WHERE MANV = 'NV246';
UPDATE NHANVIEN SET MANQL = 'NV018',PHG = 'PB06' WHERE MANV = 'NV247';
UPDATE NHANVIEN SET MANQL = 'NV018',PHG = 'PB06' WHERE MANV = 'NV248';
UPDATE NHANVIEN SET MANQL = 'NV018',PHG = 'PB06' WHERE MANV = 'NV249';
UPDATE NHANVIEN SET MANQL = 'NV018',PHG = 'PB06' WHERE MANV = 'NV250';
UPDATE NHANVIEN SET MANQL = 'NV018',PHG = 'PB06' WHERE MANV = 'NV251';
UPDATE NHANVIEN SET MANQL = 'NV018',PHG = 'PB06' WHERE MANV = 'NV252';
UPDATE NHANVIEN SET MANQL = 'NV018',PHG = 'PB06' WHERE MANV = 'NV253';
UPDATE NHANVIEN SET MANQL = 'NV018',PHG = 'PB06' WHERE MANV = 'NV254';
UPDATE NHANVIEN SET MANQL = 'NV018',PHG = 'PB06' WHERE MANV = 'NV255';
UPDATE NHANVIEN SET MANQL = 'NV018',PHG = 'PB06' WHERE MANV = 'NV256';


UPDATE NHANVIEN SET MANQL = 'NV019',PHG = 'PB07' WHERE MANV = 'NV257';
UPDATE NHANVIEN SET MANQL = 'NV019',PHG = 'PB07' WHERE MANV = 'NV258';
UPDATE NHANVIEN SET MANQL = 'NV019',PHG = 'PB07' WHERE MANV = 'NV259';
UPDATE NHANVIEN SET MANQL = 'NV019',PHG = 'PB07' WHERE MANV = 'NV260';
UPDATE NHANVIEN SET MANQL = 'NV019',PHG = 'PB07' WHERE MANV = 'NV261';
UPDATE NHANVIEN SET MANQL = 'NV019',PHG = 'PB07' WHERE MANV = 'NV262';
UPDATE NHANVIEN SET MANQL = 'NV019',PHG = 'PB07' WHERE MANV = 'NV263';
UPDATE NHANVIEN SET MANQL = 'NV019',PHG = 'PB07' WHERE MANV = 'NV264';
UPDATE NHANVIEN SET MANQL = 'NV019',PHG = 'PB07' WHERE MANV = 'NV265';
UPDATE NHANVIEN SET MANQL = 'NV019',PHG = 'PB07' WHERE MANV = 'NV266';
UPDATE NHANVIEN SET MANQL = 'NV019',PHG = 'PB07' WHERE MANV = 'NV267';
UPDATE NHANVIEN SET MANQL = 'NV019',PHG = 'PB07' WHERE MANV = 'NV268';
UPDATE NHANVIEN SET MANQL = 'NV019',PHG = 'PB07' WHERE MANV = 'NV269';
UPDATE NHANVIEN SET MANQL = 'NV019',PHG = 'PB07' WHERE MANV = 'NV270';
UPDATE NHANVIEN SET MANQL = 'NV019',PHG = 'PB07' WHERE MANV = 'NV271';
UPDATE NHANVIEN SET MANQL = 'NV019',PHG = 'PB07' WHERE MANV = 'NV272';


UPDATE NHANVIEN SET MANQL = 'NV020',PHG = 'PB08' WHERE MANV = 'NV273';
UPDATE NHANVIEN SET MANQL = 'NV020',PHG = 'PB08' WHERE MANV = 'NV274';
UPDATE NHANVIEN SET MANQL = 'NV020',PHG = 'PB08' WHERE MANV = 'NV275';
UPDATE NHANVIEN SET MANQL = 'NV020',PHG = 'PB08' WHERE MANV = 'NV276';
UPDATE NHANVIEN SET MANQL = 'NV020',PHG = 'PB08' WHERE MANV = 'NV277';
UPDATE NHANVIEN SET MANQL = 'NV020',PHG = 'PB08' WHERE MANV = 'NV278';
UPDATE NHANVIEN SET MANQL = 'NV020',PHG = 'PB08' WHERE MANV = 'NV279';
UPDATE NHANVIEN SET MANQL = 'NV020',PHG = 'PB08' WHERE MANV = 'NV280';
UPDATE NHANVIEN SET MANQL = 'NV020',PHG = 'PB08' WHERE MANV = 'NV281';

UPDATE NHANVIEN SET MANQL = 'NV021',PHG = 'PB01' WHERE MANV = 'NV282';
UPDATE NHANVIEN SET MANQL = 'NV021',PHG = 'PB01' WHERE MANV = 'NV283';
UPDATE NHANVIEN SET MANQL = 'NV021',PHG = 'PB01' WHERE MANV = 'NV284';
UPDATE NHANVIEN SET MANQL = 'NV021',PHG = 'PB01' WHERE MANV = 'NV285';
UPDATE NHANVIEN SET MANQL = 'NV021',PHG = 'PB01' WHERE MANV = 'NV286';

UPDATE NHANVIEN SET MANQL = 'NV022',PHG = 'PB02' WHERE MANV = 'NV287';
UPDATE NHANVIEN SET MANQL = 'NV022',PHG = 'PB02' WHERE MANV = 'NV288';
UPDATE NHANVIEN SET MANQL = 'NV022',PHG = 'PB02' WHERE MANV = 'NV289';
UPDATE NHANVIEN SET MANQL = 'NV022',PHG = 'PB02' WHERE MANV = 'NV290';
UPDATE NHANVIEN SET MANQL = 'NV022',PHG = 'PB02' WHERE MANV = 'NV291';
UPDATE NHANVIEN SET MANQL = 'NV022',PHG = 'PB02' WHERE MANV = 'NV292';

UPDATE NHANVIEN SET MANQL = 'NV023',PHG = 'PB03' WHERE MANV = 'NV293';
UPDATE NHANVIEN SET MANQL = 'NV023',PHG = 'PB03' WHERE MANV = 'NV294';
UPDATE NHANVIEN SET MANQL = 'NV023',PHG = 'PB03' WHERE MANV = 'NV295';
UPDATE NHANVIEN SET MANQL = 'NV023',PHG = 'PB03' WHERE MANV = 'NV296';

UPDATE NHANVIEN SET MANQL = 'NV024',PHG = 'PB04' WHERE MANV = 'NV297';
UPDATE NHANVIEN SET MANQL = 'NV024',PHG = 'PB04' WHERE MANV = 'NV298';
UPDATE NHANVIEN SET MANQL = 'NV024',PHG = 'PB04' WHERE MANV = 'NV299';

CREATE ROLE BGD;
CREATE ROLE QL;
CREATE ROLE TC;
CREATE ROLE NS;
CREATE ROLE TDA;
CREATE ROLE TP;
CREATE ROLE NV;

/
CREATE OR REPLACE PROCEDURE create_user(
    username_ IN VARCHAR2,
    password_ IN VARCHAR2
)
AS
    user_exists INTEGER;
    vaitro_ VARCHAR2(5);
BEGIN
    SELECT COUNT(*) INTO user_exists FROM all_users WHERE username = UPPER(username_);
    SELECT VAITRO INTO vaitro_ FROM NHANVIEN WHERE UPPER(MANV) = UPPER(username_);
    IF user_exists != 0 THEN
    -- existing user will be dropped
        EXECUTE IMMEDIATE 'DROP USER '||username_||' CASCADE';   
        
    END IF;
    -- create new user and grant neccessary privilieges to this user
    EXECUTE IMMEDIATE 'CREATE USER ' || username_ || ' IDENTIFIED BY ' || password_;
    EXECUTE IMMEDIATE 'GRANT CONNECT TO ' || username_;
    EXECUTE IMMEDIATE 'GRANT RESOURCE TO ' || username_;
    EXECUTE IMMEDIATE 'GRANT UNLIMITED TABLESPACE TO ' || username_;
    EXECUTE IMMEDIATE 'GRANT '||vaitro_||' TO '||username_;
    encrypt_EACH_NHANVIEN(username_);
    DBMS_OUTPUT.PUT_LINE('User ' || username_ || ' created successfully.');
END;
/

UPDATE NHANVIEN SET VAITRO = 'NV' WHERE VAITRO IS NULL;
/
DECLARE
  v_username varchar2(30);
  CURSOR c1 IS SELECT MANV FROM NHANVIEN;
BEGIN
    FOR r1 IN c1 LOOP
        v_username := r1.MANV;
        create_user(v_username,lower(v_username));
    END LOOP;
  
END;
/

EXECUTE grant_role('NV','QL');
/
EXECUTE grant_role('NV','TP');
/
EXECUTE grant_role('NV','NS');
/
EXECUTE grant_role('NV','TC');
/
EXECUTE grant_role('NV','TDA');


GRANT EXECUTE ON COMPANY.DECRYPT_LUONG_WITHOUT_PASS TO TC;COMMIT;
GRANT EXECUTE ON COMPANY.update_encrypted_luong TO TC;COMMIT;
GRANT EXECUTE ON COMPANY.update_encrypted_phucap TO TC;COMMIT;
GRANT SELECT ON COMPANY.NHANVIEN_TC TO TC;COMMIT;
/
/
GRANT EXECUTE ON COMPANY.INSERT_NV TO NS;
/
GRANT EXECUTE ON UPDATE_NV TO NV;
/
GRANT EXECUTE ON COMPANY.UPDATE_NV_NS TO NS;
/
GRANT EXECUTE ON COMPANY.INSERT_PB TO NS;
/
GRANT EXECUTE ON COMPANY. UPDATE_PB_NS TO NS;
/
GRANT EXECUTE ON COMPANY.encrypt_EACH_NHANVIEN TO NV;
/
GRANT EXECUTE ON COMPANY.DECRYPT_LUONG TO NV;
GRANT EXECUTE ON DECRYPT_LUONG_temp TO NV;
/
GRANT EXECUTE ON DECRYPT_PHUCAP_temp TO NV;
/
GRANT SELECT ON COMPANY.NHANVIEN$ TO NV;
GRANT SELECT ON COMPANY.PHANCONG$ TO NV;
GRANT SELECT,UPDATE ON NHANVIEN_UPDATE TO NV;
GRANT SELECT ON COMPANY.PHONGBAN TO NV;
GRANT SELECT ON COMPANY.DEAN TO NV;
GRANT SELECT ON NHANVIEN_HIDE TO QL;
GRANT SELECT ON PHANCONG_QL TO QL;
/
GRANT SELECT ON COMPANY.NHANVIEN TO QL;
/

GRANT SELECT ON NHANVIEN_TP TO TP;
/
GRANT SELECT,UPDATE,INSERT,DELETE ON PHANCONG_TP TO TP;

GRANT SELECT ON COMPANY.PHANCONG TO TC;COMMIT;
GRANT SELECT,UPDATE(LUONG,PHUCAP) ON COMPANY.NHANVIEN TO TC;COMMIT;
/
GRANT DELETE ON COMPANY.NHANVIEN_TC TO TC;COMMIT;
GRANT SELECT,INSERT,UPDATE ON COMPANY.PHONGBAN TO NS;
GRANT SELECT,UPDATE,INSERT,DELETE ON COMPANY.DEAN TO TDA;
/
GRANT INSERT(MANV, TENNV, PHAI, NGAYSINH, DIACHI, SDT, VAITRO, MANQL,PHG) 
ON COMPANY.NHANVIEN TO NS;

GRANT UPDATE(MANV, TENNV, PHAI, NGAYSINH, DIACHI, SDT, VAITRO, MANQL,PHG) 
ON COMPANY.NHANVIEN TO NS;
/
GRANT SELECT ON NHANVIEN TO BGD;
GRANT SELECT ON PHANCONG TO BGD;
GRANT SELECT ON DEAN     TO BGD;
GRANT SELECT ON PHONGBAN TO BGD;
GRANT SELECT ON COMPANY.NHANVIEN_TC TO TC;COMMIT;
GRANT EXECUTE ON COMPANY.change_Key TO PUBLIC;
GRANT SELECT,UPDATE(LUONG,PHUCAP) ON COMPANY.NHANVIEN TO PUBLIC;
GRANT SELECT,UPDATE(MATKHAU) ON COMPANY.DANGNHAP TO PUBLIC;
/
GRANT SELECT ON COMPANY.USER_LOGIN_HISTORY TO PUBLIC;
/

CREATE OR REPLACE TRIGGER encrypt_luong_phucap_trigger
BEFORE UPDATE ON NHANVIEN
FOR EACH ROW
DECLARE
    pragma autonomous_transaction;
    v_key RAW(50) := NULL; -- Encryption key
    v_iv RAW(50) := NULL; -- Initialization vector
    v_encrypted_luong RAW(4000);
    v_encrypted_phucap RAW(4000);
BEGIN
    -- Retrieve the encryption key and initialization vector from DANGNHAP table
    SELECT SALT, MATKHAU INTO v_iv, v_key
    FROM DANGNHAP
    WHERE MANV = :NEW.MANV;
    
        IF :OLD.LUONG IS NULL THEN
            v_encrypted_luong := DBMS_CRYPTO.ENCRYPT(
                src => UTL_I18N.STRING_TO_RAW(:NEW.LUONG, 'AL32UTF8'),
                typ => DBMS_CRYPTO.ENCRYPT_AES128 + DBMS_CRYPTO.CHAIN_CBC + DBMS_CRYPTO.PAD_PKCS5,
                key => v_key,
                iv => v_iv
            );
            :NEW.LUONG := v_encrypted_luong;
        END IF;
        
        IF :OLD.PHUCAP IS NULL THEN
            v_encrypted_phucap := DBMS_CRYPTO.ENCRYPT(
                src => UTL_I18N.STRING_TO_RAW(:NEW.PHUCAP, 'AL32UTF8'),
                typ => DBMS_CRYPTO.ENCRYPT_AES128 + DBMS_CRYPTO.CHAIN_CBC + DBMS_CRYPTO.PAD_PKCS5,
                key => v_key,
                iv => v_iv
            );
            :NEW.PHUCAP := v_encrypted_phucap;
        END IF;
    
        IF :NEW.LUONG IS NOT NULL AND :NEW.LUONG <> :OLD.LUONG THEN
            -- Encrypt the LUONG column
            v_encrypted_luong := DBMS_CRYPTO.ENCRYPT(
                src => UTL_I18N.STRING_TO_RAW(:NEW.LUONG, 'AL32UTF8'),
                typ => DBMS_CRYPTO.ENCRYPT_AES128 + DBMS_CRYPTO.CHAIN_CBC + DBMS_CRYPTO.PAD_PKCS5,
                key => v_key,
                iv => v_iv
            );
            :NEW.LUONG := v_encrypted_luong; -- Update the value with the encrypted value
        END IF;
        
        IF :NEW.PHUCAP IS NOT NULL AND :NEW.PHUCAP <> :OLD.PHUCAP THEN
            -- Encrypt the PHUCAP column
            v_encrypted_phucap := DBMS_CRYPTO.ENCRYPT(
                src => UTL_I18N.STRING_TO_RAW(:NEW.PHUCAP, 'AL32UTF8'),
                typ => DBMS_CRYPTO.ENCRYPT_AES128 + DBMS_CRYPTO.CHAIN_CBC + DBMS_CRYPTO.PAD_PKCS5,
                key => v_key,
                iv => v_iv
            );
            :NEW.PHUCAP := v_encrypted_phucap; -- Update the value with the encrypted value
        END IF;

    
END;
/

CREATE OR REPLACE TRIGGER encrypt_luong_phucap_trigger_
BEFORE INSERT ON NHANVIEN
FOR EACH ROW
DECLARE
    pragma autonomous_transaction;
    v_iv RAW(16) := DBMS_CRYPTO.RANDOMBYTES (16);
    --v_iv RAW(16):= UTL_RAW.CAST_TO_RAW('0123456789012345');
    v_key RAW(16);
    v_encrypted_luong RAW(2000);
    v_encrypted_phucap RAW(2000);
BEGIN
    v_key := pbkdf2(lower(:NEW.MANV),v_iv,100,16);
        
       
        IF :NEW.LUONG IS NOT NULL THEN 
            v_encrypted_luong := DBMS_CRYPTO.ENCRYPT(
                src => UTL_I18N.STRING_TO_RAW(:NEW.LUONG, 'AL32UTF8'),
                typ => DBMS_CRYPTO.ENCRYPT_AES128 + DBMS_CRYPTO.CHAIN_CBC + DBMS_CRYPTO.PAD_PKCS5,
                key => v_key,
                iv => v_iv
            );
            :NEW.LUONG := v_encrypted_luong;
        END IF;
        
        -- Encrypt the PHUCAP column
        IF :NEW.PHUCAP IS NOT NULL THEN 
            v_encrypted_phucap := DBMS_CRYPTO.ENCRYPT(
                src => UTL_I18N.STRING_TO_RAW(:NEW.PHUCAP, 'AL32UTF8'),
                typ => DBMS_CRYPTO.ENCRYPT_AES128 + DBMS_CRYPTO.CHAIN_CBC + DBMS_CRYPTO.PAD_PKCS5,
                key => v_key,
                iv => v_iv
            );
            :NEW.PHUCAP := v_encrypted_phucap;
        END IF;
        
        BEGIN 
            INSERT_DANGNHAP_RECORD(:NEW.MANV,v_iv, v_key);
        END;
    COMMIT;
EXCEPTION
    WHEN OTHERS THEN
        -- Handle the exception or log the error
        DBMS_OUTPUT.PUT_LINE('Error inserting NHANVIEN record: ' || SQLERRM);
        ROLLBACK;
END;
/

ALTER TRIGGER ENCRYPT_LUONG_PHUCAP_TRIGGER ENABLE;

COMMIT;